source,line,route,status
src/main/java/arisuinfo/cm/auth/auth/web/AuthAplyController.java,44,/form/cm/auth/authAplyList.do,NOT_VERIFIED
src/main/java/arisuinfo/cm/auth/auth/web/AuthAplyController.java,58,/form/cm/auth/selectAreaList.do,NOT_VERIFIED
src/main/java/arisuinfo/cm/auth/auth/web/AuthAplyController.java,72,/form/cm/auth/selectAuthAplyList.do,NOT_VERIFIED
src/main/java/arisuinfo/cm/auth/auth/web/AuthAplyController.java,86,/form/cm/auth/selectBdongListByOfficeCd.do,NOT_VERIFIED
src/main/java/arisuinfo/cm/auth/auth/web/AuthController.java,58,/form/cm/auth/selectAuthTreeList.do,NOT_VERIFIED
src/main/java/arisuinfo/cm/auth/auth/web/AuthController.java,75,/form/cm/auth/selectAuth.do,NOT_VERIFIED
src/main/java/arisuinfo/cm/auth/auth/web/AuthController.java,89,/form/cm/auth/saveAuth.do,NOT_VERIFIED
src/main/java/arisuinfo/cm/auth/auth/web/AuthController.java,103,/form/cm/auth/selectAuthUsrList.do,NOT_VERIFIED
src/main/java/arisuinfo/cm/auth/auth/web/AuthController.java,117,/form/cm/auth/selectAuthrtMenuTreeList.do,NOT_VERIFIED
src/main/java/arisuinfo/cm/auth/auth/web/AuthController.java,131,/form/cm/auth/saveAuthMenuList.do,NOT_VERIFIED
src/main/java/arisuinfo/cm/auth/menu/web/MenuController.java,42,/form/cm/menu/selectMenuTreeList.do,NOT_VERIFIED
src/main/java/arisuinfo/cm/auth/menu/web/MenuController.java,56,/form/cm/menu/selectMenuTreePopupList.do,NOT_VERIFIED
src/main/java/arisuinfo/cm/auth/menu/web/MenuController.java,70,/form/cm/menu/selectMenuList.do,NOT_VERIFIED
src/main/java/arisuinfo/cm/auth/menu/web/MenuController.java,84,/form/cm/menu/saveMenu.do,NOT_VERIFIED
src/main/java/arisuinfo/cm/auth/menu/web/MenuController.java,98,/form/cm/menu/selectMenuAuthList.do,NOT_VERIFIED
src/main/java/arisuinfo/cm/auth/menu/web/MenuController.java,112,/form/cm/menu/saveMenuAuthList.do,NOT_VERIFIED
src/main/java/arisuinfo/cm/auth/menu/web/MenuController.java,126,/form/cm/menu/selectMenuUsrList.do,NOT_VERIFIED
src/main/java/arisuinfo/cm/auth/pgm/web/PgmController.java,42,/form/cm/pgm/selectPgmTreeObjList.do,NOT_VERIFIED
src/main/java/arisuinfo/cm/auth/pgm/web/PgmController.java,56,/form/cm/pgm/savePgm.do,NOT_VERIFIED
src/main/java/arisuinfo/cm/auth/pgm/web/PgmController.java,71,/form/cm/pgm/selectPgmDetailList.do,NOT_VERIFIED
src/main/java/arisuinfo/cm/auth/pgm/web/PgmController.java,85,/form/cm/pgm/savePgmDtl.do,NOT_VERIFIED
src/main/java/arisuinfo/cm/auth/pgm/web/PgmController.java,99,/form/cm/pgm/selectPgmList.do,NOT_VERIFIED
src/main/java/arisuinfo/cm/auth/pgm/web/PgmController.java,113,/form/cm/user/searchPgmBtnAut.do,NOT_VERIFIED
src/main/java/arisuinfo/cm/auth/pgm/web/PgmController.java,127,/form/cm/pgm/selectPgmBtnAutList.do,NOT_VERIFIED
src/main/java/arisuinfo/cm/auth/pgm/web/PgmController.java,141,/form/cm/user/selectPgmIdByPgmNm.do,NOT_VERIFIED
src/main/java/arisuinfo/cm/auth/pgm/web/PgmController.java,155,/form/cm/pgm/selectPgmIdByPathNm.do,NOT_VERIFIED
src/main/java/arisuinfo/cm/bbs/web/BbsDocMngController.java,39,/form/cm/bbs/searchBbsDoc.do,NOT_VERIFIED
src/main/java/arisuinfo/cm/bbs/web/BbsDocMngController.java,49,/form/cm/bbs/searchBbsDocMng.do,NOT_VERIFIED
src/main/java/arisuinfo/cm/bbs/web/BbsDocMngController.java,59,/form/cm/bbs/searchBbsDocMngDetail.do,NOT_VERIFIED
src/main/java/arisuinfo/cm/bbs/web/BbsDocMngController.java,69,/form/cm/bbs/registBbsDocMng.do,NOT_VERIFIED
src/main/java/arisuinfo/cm/bbs/web/BbsDocMngController.java,79,/form/cm/bbs/modifyBbsDocMng.do,NOT_VERIFIED
src/main/java/arisuinfo/cm/bbs/web/BbsFaqMngController.java,40,/form/cm/bbs/searchBbsFaq.do,NOT_VERIFIED
src/main/java/arisuinfo/cm/bbs/web/BbsFaqMngController.java,50,/form/cm/bbs/searchBbsFaqDetail.do,NOT_VERIFIED
src/main/java/arisuinfo/cm/bbs/web/BbsFaqMngController.java,60,/form/cm/bbs/registBbsFaqMng.do,NOT_VERIFIED
src/main/java/arisuinfo/cm/bbs/web/BbsFaqMngController.java,70,/form/cm/bbs/modifyBbsFaqMng.do,NOT_VERIFIED
src/main/java/arisuinfo/cm/bbs/web/BbsMngController.java,41,/form/cm/bbs/searchBbsMng.do,NOT_VERIFIED
src/main/java/arisuinfo/cm/bbs/web/BbsMngController.java,51,/form/cm/bbs/selectBbsMngInfo.do,NOT_VERIFIED
src/main/java/arisuinfo/cm/bbs/web/BbsMngController.java,61,/form/cm/bbs/registBbsMng.do,NOT_VERIFIED
src/main/java/arisuinfo/cm/bbs/web/BbsMngController.java,71,/form/cm/bbs/modifyBbsMng.do,NOT_VERIFIED
src/main/java/arisuinfo/cm/bbs/web/BbsMngController.java,81,/form/cm/bbs/removeBbsMng.do,NOT_VERIFIED
src/main/java/arisuinfo/cm/bbs/web/BbsMngController.java,91,/form/cm/bbs/modifyBbsSearchCnt.do,NOT_VERIFIED
src/main/java/arisuinfo/cm/bbs/web/BbsMngController.java,101,/form/cm/bbs/removeBbs.do,NOT_VERIFIED
src/main/java/arisuinfo/cm/bbs/web/BbsMngController.java,111,/form/cm/bbs/searchBoardMain.do,NOT_VERIFIED
src/main/java/arisuinfo/cm/bbs/web/BbsMngController.java,121,/form/cm/bbs/searchMainRollingList.do,NOT_VERIFIED
src/main/java/arisuinfo/cm/bbs/web/BbsNtcMngController.java,39,/form/cm/bbs/searchBbsNtc.do,NOT_VERIFIED
src/main/java/arisuinfo/cm/bbs/web/BbsNtcMngController.java,49,/form/cm/bbs/searchBbsNtcMng.do,NOT_VERIFIED
src/main/java/arisuinfo/cm/bbs/web/BbsNtcMngController.java,59,/form/cm/bbs/searchBbsNtcDetail.do,NOT_VERIFIED
src/main/java/arisuinfo/cm/bbs/web/BbsNtcMngController.java,69,/form/cm/bbs/registBbsNtcMng.do,NOT_VERIFIED
src/main/java/arisuinfo/cm/bbs/web/BbsNtcMngController.java,79,/form/cm/bbs/modifyBbsNtcMng.do,NOT_VERIFIED
src/main/java/arisuinfo/cm/bbs/web/BbsNtcMngController.java,89,/form/cm/bbs/searchNtcIconStatus.do,NOT_VERIFIED
src/main/java/arisuinfo/cm/bbs/web/BbsNtcMngController.java,99,/form/cm/bbs/searchBbsNtcPopup.do,NOT_VERIFIED
src/main/java/arisuinfo/cm/bbs/web/BbsQnaMngController.java,39,/form/cm/bbs/searchBbsQnaList.do,NOT_VERIFIED
src/main/java/arisuinfo/cm/bbs/web/BbsQnaMngController.java,49,/form/cm/bbs/searchBbsQnaMng.do,NOT_VERIFIED
src/main/java/arisuinfo/cm/bbs/web/BbsQnaMngController.java,59,/form/cm/bbs/searchBbsQnaDetail.do,NOT_VERIFIED
src/main/java/arisuinfo/cm/bbs/web/BbsQnaMngController.java,69,/form/cm/bbs/searchBbsQnaAnsFile.do,NOT_VERIFIED
src/main/java/arisuinfo/cm/bbs/web/BbsQnaMngController.java,79,/form/cm/bbs/searchBbsQnaHelp.do,NOT_VERIFIED
src/main/java/arisuinfo/cm/bbs/web/BbsQnaMngController.java,89,/form/cm/bbs/registBbsQnaMng.do,NOT_VERIFIED
src/main/java/arisuinfo/cm/bbs/web/BbsQnaMngController.java,99,/form/cm/bbs/registBbsQnaAnsMng.do,NOT_VERIFIED
src/main/java/arisuinfo/cm/bbs/web/BbsQnaMngController.java,109,/form/cm/bbs/modifyBbsQnaMng.do,NOT_VERIFIED
src/main/java/arisuinfo/cm/bbs/web/BbsQnaMngController.java,119,/form/cm/bbs/modifyBbsQnaAns.do,NOT_VERIFIED
src/main/java/arisuinfo/cm/bbs/web/BbsQnaMngController.java,129,/form/cm/bbs/removeQnaMng.do,NOT_VERIFIED
src/main/java/arisuinfo/cm/bbs/web/BbsQnaMngController.java,137,/form/cm/bbs/removeBbsQnaAns.do,NOT_VERIFIED
src/main/java/arisuinfo/cm/bbs/web/BbsQnaMngController.java,147,/form/cm/bbs/searchMyQnaList.do,NOT_VERIFIED
src/main/java/arisuinfo/cm/bbs/web/BbsUtztnTrmsAgreController.java,42,/form/cm/bbs/selectUtztnTrmsAgreList.do,NOT_VERIFIED
src/main/java/arisuinfo/cm/bbs/web/BbsUtztnTrmsAgreController.java,56,/form/cm/bbs/selectUtztnTrmsNeedAgreSysList.do,NOT_VERIFIED
src/main/java/arisuinfo/cm/bbs/web/BbsUtztnTrmsController.java,43,/form/cm/bbs/selectUtztnTrmsList.do,NOT_VERIFIED
src/main/java/arisuinfo/cm/bbs/web/BbsUtztnTrmsController.java,57,/form/cm/bbs/saveUtztnTrms.do,NOT_VERIFIED
src/main/java/arisuinfo/cm/bsis/web/BankCdMngController.java,43,/form/cm/bsis/searchBankCdMng.do,NOT_VERIFIED
src/main/java/arisuinfo/cm/bsis/web/BankCdMngController.java,57,/form/cm/bsis/searchBankCdExcel.do,NOT_VERIFIED
src/main/java/arisuinfo/cm/bsis/web/BankCdMngController.java,71,/form/cm/bsis/registBankCdMng.do,NOT_VERIFIED
src/main/java/arisuinfo/cm/bsis/web/BankCdMngController.java,85,/form/cm/bsis/modifyBankCdMng.do,NOT_VERIFIED
src/main/java/arisuinfo/cm/bsis/web/BankCdMngController.java,99,/form/cm/bsis/removeBankCdMng.do,NOT_VERIFIED
src/main/java/arisuinfo/cm/bsis/web/BankCdMngController.java,113,/form/cm/bsis/searchBrCdMng.do,NOT_VERIFIED
src/main/java/arisuinfo/cm/bsis/web/BankCdMngController.java,127,/form/cm/bsis/registBrCdMng.do,NOT_VERIFIED
src/main/java/arisuinfo/cm/bsis/web/BankCdMngController.java,141,/form/cm/bsis/modifyBrCdMng.do,NOT_VERIFIED
src/main/java/arisuinfo/cm/bsis/web/BankCdMngController.java,155,/form/cm/bsis/removeBrCdMng.do,NOT_VERIFIED
src/main/java/arisuinfo/cm/bsis/web/BankCdMngController.java,169,/form/cm/bsis/searchBankCdPList.do,NOT_VERIFIED
src/main/java/arisuinfo/cm/bsis/web/BankCdMngController.java,183,/form/cm/bsis/searchBrCdPList.do,NOT_VERIFIED
src/main/java/arisuinfo/cm/bsis/web/BasicChrMsgMngController.java,42,/form/cm/bsis/searchBassChrMsgMng.do,NOT_VERIFIED
src/main/java/arisuinfo/cm/bsis/web/BasicChrMsgMngController.java,56,/form/cm/bsis/saveBassChrMsgMng.do,NOT_VERIFIED
src/main/java/arisuinfo/cm/bsis/web/CdValMngController.java,48,/form/cm/bsis/searchCdValMng.do,NOT_VERIFIED
src/main/java/arisuinfo/cm/bsis/web/CdValMngController.java,59,/form/cm/bsis/registCdValMng.do,NOT_VERIFIED
src/main/java/arisuinfo/cm/bsis/web/CdValMngController.java,70,/form/cm/bsis/modifyCdValMng.do,NOT_VERIFIED
src/main/java/arisuinfo/cm/bsis/web/CdValMngController.java,81,/form/cm/bsis/removeCdValMng.do,NOT_VERIFIED
src/main/java/arisuinfo/cm/bsis/web/CdValMngController.java,94,/form/cm/bsis/searchCdValPopUp.do,NOT_VERIFIED
src/main/java/arisuinfo/cm/bsis/web/CgStdInfoMngController.java,42,/form/cm/bsis/searchCgStdInfoMng.do,NOT_VERIFIED
src/main/java/arisuinfo/cm/bsis/web/CgStdInfoMngController.java,56,/form/cm/bsis/saveCgStdInfoMng.do,NOT_VERIFIED
src/main/java/arisuinfo/cm/bsis/web/CgStdInfoMngController.java,70,/form/cm/bsis/searchCgRdMng.do,NOT_VERIFIED
src/main/java/arisuinfo/cm/bsis/web/CgStdInfoMngController.java,84,/form/cm/bsis/saveCgRdMng.do,NOT_VERIFIED
src/main/java/arisuinfo/cm/bsis/web/CmCdMngController.java,54,/form/cm/bsis/searchCmCd.do,NOT_VERIFIED
src/main/java/arisuinfo/cm/bsis/web/CmCdMngController.java,75,/form/cm/bsis/registCmCd.do,NOT_VERIFIED
src/main/java/arisuinfo/cm/bsis/web/CmCdMngController.java,96,/form/cm/bsis/modifyCmCd.do,NOT_VERIFIED
src/main/java/arisuinfo/cm/bsis/web/CmCdMngController.java,117,/form/cm/bsis/removeCmCd.do,NOT_VERIFIED
src/main/java/arisuinfo/cm/bsis/web/CmCdMngController.java,136,/form/cm/bsis/searchCmCdDtal.do,NOT_VERIFIED
src/main/java/arisuinfo/cm/bsis/web/CmCdMngController.java,157,/form/cm/bsis/registCmCdDtal.do,NOT_VERIFIED
src/main/java/arisuinfo/cm/bsis/web/CmCdMngController.java,178,/form/cm/bsis/modifyCmCdDtal.do,NOT_VERIFIED
src/main/java/arisuinfo/cm/bsis/web/CmCdMngController.java,198,/form/cm/bsis/removeCmCdDtal.do,NOT_VERIFIED
src/main/java/arisuinfo/cm/bsis/web/CmCdMngController.java,227,/form/cm/bsis/searchCmCdPop.do,NOT_VERIFIED
src/main/java/arisuinfo/cm/bsis/web/CmCdMngController.java,247,/form/cm/bsis/searchCmCdDtalPop.do,NOT_VERIFIED
src/main/java/arisuinfo/cm/bsis/web/CmCdMngController.java,266,/form/cm/bsis/searchCmCdLwrPop.do,NOT_VERIFIED
src/main/java/arisuinfo/cm/bsis/web/CmCdMngController.java,287,/form/cm/bsis/searchCmCdExcel.do,NOT_VERIFIED
src/main/java/arisuinfo/cm/bsis/web/CmCdMngController.java,307,/form/cm/bsis/searchCmCdDtalLwr.do,NOT_VERIFIED
src/main/java/arisuinfo/cm/bsis/web/CmCdMngController.java,328,/form/cm/bsis/registCmCdDtalLwr.do,NOT_VERIFIED
src/main/java/arisuinfo/cm/bsis/web/CmCdMngController.java,349,/form/cm/bsis/modifyCmCdDtalLwr.do,NOT_VERIFIED
src/main/java/arisuinfo/cm/bsis/web/CmCdMngController.java,369,/form/cm/bsis/removeCmCdDtalLwr.do,NOT_VERIFIED
src/main/java/arisuinfo/cm/bsis/web/CsCdMngController.java,40,/form/cm/bsis/searchCsCdMng.do,NOT_VERIFIED
src/main/java/arisuinfo/cm/bsis/web/CsCdMngController.java,51,/form/cm/bsis/registCsCdMng.do,NOT_VERIFIED
src/main/java/arisuinfo/cm/bsis/web/CsCdMngController.java,63,/form/cm/bsis/modifyCsCdMng.do,NOT_VERIFIED
src/main/java/arisuinfo/cm/bsis/web/CsCdMngController.java,74,/form/cm/bsis/removeCsCdMng.do,NOT_VERIFIED
src/main/java/arisuinfo/cm/bsis/web/CsCdMngController.java,92,/form/cm/bsis/searchMCdSearch.do,NOT_VERIFIED
src/main/java/arisuinfo/cm/bsis/web/CsCdMngController.java,106,/form/cm/bsis/searchSCdSearch.do,NOT_VERIFIED
src/main/java/arisuinfo/cm/bsis/web/HgyeSmokArvMngController.java,45,/form/cm/bsis/searchHgyeSmokArvYear.do,NOT_VERIFIED
src/main/java/arisuinfo/cm/bsis/web/HgyeSmokArvMngController.java,56,/form/cm/bsis/searchHgyeSmokMng.do,NOT_VERIFIED
src/main/java/arisuinfo/cm/bsis/web/HgyeSmokArvMngController.java,67,/form/cm/bsis/registHgyeSmokMng.do,NOT_VERIFIED
src/main/java/arisuinfo/cm/bsis/web/HgyeSmokArvMngController.java,78,/form/cm/bsis/modifyHgyeSmokMng.do,NOT_VERIFIED
src/main/java/arisuinfo/cm/bsis/web/HgyeSmokArvMngController.java,89,/form/cm/bsis/removeHgyeSmokMng.do,NOT_VERIFIED
src/main/java/arisuinfo/cm/bsis/web/HgyeSmokArvMngController.java,100,/form/cm/bsis/searchHgyeArvMng.do,NOT_VERIFIED
src/main/java/arisuinfo/cm/bsis/web/HgyeSmokArvMngController.java,112,/form/cm/bsis/registHgyeArvMng.do,NOT_VERIFIED
src/main/java/arisuinfo/cm/bsis/web/HgyeSmokArvMngController.java,123,/form/cm/bsis/modifyHgyeArvMng.do,NOT_VERIFIED
src/main/java/arisuinfo/cm/bsis/web/HgyeSmokArvMngController.java,134,/form/cm/bsis/removeHgyeArvMng.do,NOT_VERIFIED
src/main/java/arisuinfo/cm/bsis/web/HgyeSmokArvMngController.java,145,/form/cm/bsis/registAllHgyeSmokMng.do,NOT_VERIFIED
src/main/java/arisuinfo/cm/bsis/web/HgyeSmokArvMngController.java,156,/form/cm/bsis/registAllHgyeArvMng.do,NOT_VERIFIED
src/main/java/arisuinfo/cm/bsis/web/HgyeSmokArvMngController.java,167,/form/cm/bsis/searchSmokCdPopupList.do,NOT_VERIFIED
src/main/java/arisuinfo/cm/bsis/web/HgyeSmokArvMngController.java,178,/form/cm/bsis/searchArvCdPopupList.do,NOT_VERIFIED
src/main/java/arisuinfo/cm/bsis/web/HolidayMngController.java,43,/form/cm/bsis/searchHldyMng.do,NOT_VERIFIED
src/main/java/arisuinfo/cm/bsis/web/HolidayMngController.java,57,/form/cm/bsis/registHldyMng.do,NOT_VERIFIED
src/main/java/arisuinfo/cm/bsis/web/HolidayMngController.java,71,/form/cm/bsis/modifyHldyMng.do,NOT_VERIFIED
src/main/java/arisuinfo/cm/bsis/web/HolidayMngController.java,85,/form/cm/bsis/removeHldyMng.do,NOT_VERIFIED
src/main/java/arisuinfo/cm/bsis/web/HolidayMngController.java,99,/form/cm/bsis/searchYearMng.do,NOT_VERIFIED
src/main/java/arisuinfo/cm/bsis/web/HolidayMngController.java,113,/form/cm/bsis/registYearHldyMng.do,NOT_VERIFIED
src/main/java/arisuinfo/cm/bsis/web/InsttCdMngController.java,42,/form/cm/bsis/searchInsttCdMng.do,NOT_VERIFIED
src/main/java/arisuinfo/cm/bsis/web/InsttCdMngController.java,51,/form/cm/bsis/registInsttCdMng.do,NOT_VERIFIED
src/main/java/arisuinfo/cm/bsis/web/InsttCdMngController.java,60,/form/cm/bsis/modifyInsttCdMng.do,NOT_VERIFIED
src/main/java/arisuinfo/cm/bsis/web/InsttCdMngController.java,69,/form/cm/bsis/removeInsttCdMng.do,NOT_VERIFIED
src/main/java/arisuinfo/cm/bsis/web/OfficeMngController.java,51,/form/cm/bsis/searchOffMng.do,NOT_VERIFIED
src/main/java/arisuinfo/cm/bsis/web/OfficeMngController.java,65,/form/cm/bsis/registOffMng.do,NOT_VERIFIED
src/main/java/arisuinfo/cm/bsis/web/OfficeMngController.java,79,/form/cm/bsis/modifyOffMng.do,NOT_VERIFIED
src/main/java/arisuinfo/cm/bsis/web/OfficeMngController.java,93,/form/cm/bsis/removeOffMng.do,NOT_VERIFIED
src/main/java/arisuinfo/cm/bsis/web/OfficeMngController.java,107,/form/cm/bsis/searchDeptCd.do,NOT_VERIFIED
src/main/java/arisuinfo/cm/bsis/web/OfficeMngController.java,122,/form/cm/cmPop/searchDeptCdSearch.do,NOT_VERIFIED
src/main/java/arisuinfo/cm/bsis/web/OfficeMngController.java,136,/form/cm/bsis/registDeptCd.do,NOT_VERIFIED
src/main/java/arisuinfo/cm/bsis/web/OfficeMngController.java,150,/form/cm/bsis/modifyDeptCd.do,NOT_VERIFIED
src/main/java/arisuinfo/cm/bsis/web/OfficeMngController.java,164,/form/cm/bsis/removeDeptCd.do,NOT_VERIFIED
src/main/java/arisuinfo/cm/bsis/web/OfficeMngController.java,182,/form/cm/bsis/searchCityCd.do,NOT_VERIFIED
src/main/java/arisuinfo/cm/bsis/web/OfficeMngController.java,196,/form/cm/bsis/searchGuCd.do,NOT_VERIFIED
src/main/java/arisuinfo/cm/bsis/web/OfficeMngController.java,210,/form/cm/cmPop/searchGuCdSearch.do,NOT_VERIFIED
src/main/java/arisuinfo/cm/bsis/web/OfficeMngController.java,222,/form/cm/bsis/modifyGuCd.do,NOT_VERIFIED
src/main/java/arisuinfo/cm/bsis/web/OfficeMngController.java,238,/form/cm/bsis/searchDongCd.do,NOT_VERIFIED
src/main/java/arisuinfo/cm/bsis/web/OfficeMngController.java,248,/form/cm/bsis/modifyDongCd.do,NOT_VERIFIED
src/main/java/arisuinfo/cm/bsis/web/OfficeMngController.java,263,/form/cm/cmPop/searchDongCdSearch.do,NOT_VERIFIED
src/main/java/arisuinfo/cm/bsis/web/OfficeMngController.java,277,/form/cm/cmPop/searchDongCdHanamSearch.do,NOT_VERIFIED
src/main/java/arisuinfo/cm/bsis/web/OfficeMngController.java,291,/form/cm/bsis/searchGuDongCdExcel.do,NOT_VERIFIED
src/main/java/arisuinfo/cm/bsis/web/OfficeMngController.java,309,/form/cm/bsis/searchTel.do,NOT_VERIFIED
src/main/java/arisuinfo/cm/bsis/web/OfficeMngController.java,323,/form/cm/bsis/registTel.do,NOT_VERIFIED
src/main/java/arisuinfo/cm/bsis/web/OfficeMngController.java,337,/form/cm/bsis/modifyTel.do,NOT_VERIFIED
src/main/java/arisuinfo/cm/bsis/web/OfficeMngController.java,351,/form/cm/bsis/removeTel.do,NOT_VERIFIED
src/main/java/arisuinfo/cm/bsis/web/PrintCnMngController.java,42,/form/cm/bsis/searchPrintCnListMng.do,NOT_VERIFIED
src/main/java/arisuinfo/cm/bsis/web/PrintCnMngController.java,56,/form/cm/bsis/registPrintCnMng.do,NOT_VERIFIED
src/main/java/arisuinfo/cm/bsis/web/PrintCnMngController.java,70,/form/cm/bsis/modifyPrintCnMng.do,NOT_VERIFIED
src/main/java/arisuinfo/cm/bsis/web/PrintCnMngController.java,84,/form/cm/bsis/removePrintCnMng.do,NOT_VERIFIED
src/main/java/arisuinfo/cm/bsis/web/PrintCnMngController.java,98,/form/cm/bsis/searchPrintCnDeatilMng.do,NOT_VERIFIED
src/main/java/arisuinfo/cm/bsis/web/PrmtMngController.java,47,/form/cm/bsis/searchPrmtMng.do,NOT_VERIFIED
src/main/java/arisuinfo/cm/bsis/web/PrmtMngController.java,58,/form/cm/bsis/registPrmtMng.do,NOT_VERIFIED
src/main/java/arisuinfo/cm/bsis/web/PrmtMngController.java,69,/form/cm/bsis/modifyPrmtMng.do,NOT_VERIFIED
src/main/java/arisuinfo/cm/bsis/web/PrmtMngController.java,80,/form/cm/bsis/removePrmtMng.do,NOT_VERIFIED
src/main/java/arisuinfo/cm/bsis/web/WorkDayMngController.java,42,/form/cm/bsis/searchDefaultDate.do,NOT_VERIFIED
src/main/java/arisuinfo/cm/bsis/web/WorkDayMngController.java,50,/form/cm/bsis/searchWorkDayMng.do,NOT_VERIFIED
src/main/java/arisuinfo/cm/bsis/web/WorkDayMngController.java,59,/form/cm/bsis/registWorkDayMng.do,NOT_VERIFIED
src/main/java/arisuinfo/cm/bsis/web/WorkDayMngController.java,68,/form/cm/bsis/modifyWorkDayMng.do,NOT_VERIFIED
src/main/java/arisuinfo/cm/bsis/web/WorkDayMngController.java,79,/form/cm/bsis/modifyWorkDayBbs.do,NOT_VERIFIED
src/main/java/arisuinfo/cm/bsis/web/WorkDayMngController.java,88,/form/cm/bsis/removeWorkDayMng.do,NOT_VERIFIED
src/main/java/arisuinfo/cm/bsis/web/WorkDayMngController.java,97,/form/cm/bsis/searchYearList.do,NOT_VERIFIED
src/main/java/arisuinfo/cm/bsis/web/WorkDayMngController.java,106,/form/cm/bsis/searchWorkDetailInfo.do,NOT_VERIFIED
src/main/java/arisuinfo/cm/bsis/web/WorkDayMngController.java,115,/form/cm/bsis/searchWorkDayResvInfo.do,NOT_VERIFIED
src/main/java/arisuinfo/cm/bsis/web/WorkDayMngController.java,124,/form/cm/bsis/removeWorkDayResvInfo.do,NOT_VERIFIED
src/main/java/arisuinfo/cm/bsis/web/WorkDayMngController.java,133,/form/cm/bsis/registWorkDayResvInfo.do,NOT_VERIFIED
src/main/java/arisuinfo/cm/bsis/web/WorkDayMngController.java,142,/form/cm/bsis/modifyWorkDayResvInfo.do,NOT_VERIFIED
src/main/java/arisuinfo/cm/cmPop/web/AddrController.java,49,/form/cm/cmPop/searchCityList.do,NOT_VERIFIED
src/main/java/arisuinfo/cm/cmPop/web/AddrController.java,63,/form/cm/cmPop/searchRegionSignguList.do,NOT_VERIFIED
src/main/java/arisuinfo/cm/cmPop/web/AddrController.java,78,/form/cm/cmPop/searchRnList.do,NOT_VERIFIED
src/main/java/arisuinfo/cm/cmPop/web/AddrController.java,93,/form/cm/cmPop/searchSeoulSignguList.do,NOT_VERIFIED
src/main/java/arisuinfo/cm/cmPop/web/AddrController.java,110,/form/cm/cmPop/searchRnRepresentList.do,NOT_VERIFIED
src/main/java/arisuinfo/cm/cmPop/web/AddrController.java,125,/form/cm/cmPop/searchRnRelationList.do,NOT_VERIFIED
src/main/java/arisuinfo/cm/cmPop/web/AddrController.java,140,/form/cm/cmPop/searchJibunAddrList.do,NOT_VERIFIED
src/main/java/arisuinfo/cm/cmPop/web/AddrController.java,156,/form/cm/cmPop/searchRnListCombo.do,NOT_VERIFIED
src/main/java/arisuinfo/cm/cmPop/web/CmCdController.java,41,/form/cm/cmPop/searchCmCdDtalList.do,NOT_VERIFIED
src/main/java/arisuinfo/cm/cmPop/web/CmCdController.java,65,/form/cm/cmPop/searchCdNm.do,NOT_VERIFIED
src/main/java/arisuinfo/cm/cmPop/web/CmFileReqController.java,36,/form/cm/cmPop/registFileReqUms.do,NOT_VERIFIED
src/main/java/arisuinfo/cm/cmPop/web/CmFileReqController.java,49,/form/cm/cmPop/searchFileReqUms.do,NOT_VERIFIED
src/main/java/arisuinfo/cm/cmPop/web/CmFileReqController.java,62,/form/cm/cmPop/deleteFileReqUms.do,NOT_VERIFIED
src/main/java/arisuinfo/cm/cmPop/web/CmSmsSndngController.java,42,/form/cm/cmPop/searchSmsAddr.do,NOT_VERIFIED
src/main/java/arisuinfo/cm/hp/web/HpGuideMngController.java,39,/form/cm/hp/selectHpGuideList.do,NOT_VERIFIED
src/main/java/arisuinfo/cm/hp/web/HpGuideMngController.java,50,/form/cm/hp/selectHpGuideDetail.do,NOT_VERIFIED
src/main/java/arisuinfo/cm/hp/web/HpGuideMngController.java,61,/form/cm/hp/insertHpGuide.do,NOT_VERIFIED
src/main/java/arisuinfo/cm/hp/web/HpGuideMngController.java,72,/form/cm/hp/updateHpGuide.do,NOT_VERIFIED
src/main/java/arisuinfo/cm/hp/web/HpGuideMngController.java,83,/form/cm/hp/deleteHpGuide.do,NOT_VERIFIED
src/main/java/arisuinfo/cm/hp/web/HpGuideMngController.java,94,/form/cm/hp/selectHpGuideHistoryList.do,NOT_VERIFIED
src/main/java/arisuinfo/cm/hp/web/HpGuideMngController.java,105,/form/cm/hp/selectHpGuideByMenu.do,NOT_VERIFIED
src/main/java/arisuinfo/cm/hp/web/HpGuideMngController.java,116,/form/cm/hp/selectHpGuideHist.do,NOT_VERIFIED
src/main/java/arisuinfo/cm/hp/web/HpGuideMngController.java,128,/form/cm/hp/insertHelpUseLog.do,NOT_VERIFIED
src/main/java/arisuinfo/cm/hp/web/HpGuideMngController.java,139,/form/cm/hp/selectHpGuideSummary.do,NOT_VERIFIED
src/main/java/arisuinfo/cm/login/web/CustomErrorController.java,38,/error.do,NOT_VERIFIED
src/main/java/arisuinfo/cm/login/web/LoginController.java,42,/auth/login.do,NOT_VERIFIED
src/main/java/arisuinfo/cm/login/web/LoginController.java,69,/auth/sample/login.do,NOT_VERIFIED
src/main/java/arisuinfo/cm/login/web/LoginController.java,85,/form/cm/login/searchLoginHist.do,NOT_VERIFIED
src/main/java/arisuinfo/cm/login/web/LoginController.java,96,/form/cm/login/searchTempLoginInfo.do,NOT_VERIFIED
src/main/java/arisuinfo/cm/login/web/LoginController.java,107,/form/cm/login/updateTempLoginInfo.do,NOT_VERIFIED
src/main/java/arisuinfo/cm/main/web/IseMenuListController.java,44,/form/cm/main/searchIseMenuList.do,NOT_VERIFIED
src/main/java/arisuinfo/cm/main/web/IseMenuListController.java,58,/form/cm/main/searchIseMenu.do,NOT_VERIFIED
src/main/java/arisuinfo/cm/main/web/IseMenuListController.java,72,/form/cm/main/deleteIseMenu.do,NOT_VERIFIED
src/main/java/arisuinfo/cm/main/web/IseMenuListController.java,86,/form/cm/main/insertIseMenu.do,NOT_VERIFIED
src/main/java/arisuinfo/cm/main/web/LogStreamController.java,41,/monitor,NOT_VERIFIED
src/main/java/arisuinfo/cm/main/web/LogStreamController.java,49,/log-viewer,NOT_VERIFIED
src/main/java/arisuinfo/cm/main/web/LogStreamController.java,49,/log-viewer/{instanceId},NOT_VERIFIED
src/main/java/arisuinfo/cm/main/web/LogStreamController.java,56,/logs/stream/{instanceId},NOT_VERIFIED
src/main/java/arisuinfo/cm/main/web/LogStreamController.java,123,/logs/files/{instanceId},NOT_VERIFIED
src/main/java/arisuinfo/cm/main/web/LogStreamController.java,137,/logs/download/{instanceId},NOT_VERIFIED
src/main/java/arisuinfo/cm/main/web/MainMngController.java,97,/,NOT_VERIFIED
src/main/java/arisuinfo/cm/main/web/MainMngController.java,115,/form/cm/main/login.do,NOT_VERIFIED
src/main/java/arisuinfo/cm/main/web/MainMngController.java,148,/form/cm/main/refresh.do,NOT_VERIFIED
src/main/java/arisuinfo/cm/main/web/MainMngController.java,167,/form/cm/smartGcToken.do,NOT_VERIFIED
src/main/java/arisuinfo/cm/main/web/MainMngController.java,175,/form/cm/main/searchCmCd.do,NOT_VERIFIED
src/main/java/arisuinfo/cm/main/web/MainMngController.java,192,/form/cm/main/modifyMyMenu.do,NOT_VERIFIED
src/main/java/arisuinfo/cm/main/web/MainMngController.java,206,/form/cm/main/registPgmUse.do,NOT_VERIFIED
src/main/java/arisuinfo/cm/main/web/MainMngController.java,220,/form/cm/main/sessionCheck.do,NOT_VERIFIED
src/main/java/arisuinfo/cm/main/web/MainMngController.java,249,/form/cm/main/searchUsr.do,NOT_VERIFIED
src/main/java/arisuinfo/cm/main/web/MainMngController.java,257,/form/test/nxkey.do,NOT_VERIFIED
src/main/java/arisuinfo/cm/main/web/MainMngController.java,304,/form/cm/main/selectSiteMapMenuList.do,NOT_VERIFIED
src/main/java/arisuinfo/cm/main/web/MainMngController.java,318,/form/cm/main/modifyMyJob.do,NOT_VERIFIED
src/main/java/arisuinfo/cm/main/web/MainMngController.java,332,/form/cm/main/searchGisOptapNticeCnt.do,NOT_VERIFIED
src/main/java/arisuinfo/cm/main/web/MainMngController.java,346,/form/cm/main/searchChenapSwaterUsr.do,NOT_VERIFIED
src/main/java/arisuinfo/cm/main/web/MainMngController.java,360,/form/cm/main/searchChenapPropertySeizrUsr.do,NOT_VERIFIED
src/main/java/arisuinfo/cm/main/web/MainMngController.java,372,/form/cm/main/searchMainUnAdjAnactCnt.do,NOT_VERIFIED
src/main/java/arisuinfo/cm/main/web/MainMngController.java,384,/form/cm/main/searchSunapUnprocessed.do,NOT_VERIFIED
src/main/java/arisuinfo/cm/main/web/MainMngController.java,396,/form/cm/main/searchRdcxptTgTotalCnt.do,NOT_VERIFIED
src/main/java/arisuinfo/cm/myPage/web/JobAlrmController.java,35,/form/cm/myPage/searchMainJobDtctCnt.do,NOT_VERIFIED
src/main/java/arisuinfo/cm/myPage/web/JobAlrmController.java,49,/form/cm/myPage/searchMainJobDtctDtls.do,NOT_VERIFIED
src/main/java/arisuinfo/cm/myPage/web/JobAlrmController.java,63,/form/cm/myPage/searchChenapRecentStatus.do,NOT_VERIFIED
src/main/java/arisuinfo/cm/myPage/web/JobAlrmController.java,77,/form/cm/myPage/searchChenapSwaterTargetUsr.do,NOT_VERIFIED
src/main/java/arisuinfo/cm/myPage/web/JobAlrmController.java,91,/form/cm/myPage/searchChenapEstateSeizrRegUsr.do,NOT_VERIFIED
src/main/java/arisuinfo/cm/myPage/web/JobAlrmController.java,105,/form/cm/myPage/searchChenapEstateSeizrRegDtlsUsr.do,NOT_VERIFIED
src/main/java/arisuinfo/cm/myPage/web/JobAlrmController.java,119,/form/cm/myPage/searchChenapDfctDps.do,NOT_VERIFIED
src/main/java/arisuinfo/cm/myPage/web/JobProcHistController.java,25,/form/cm/myPage/searchUmsSndngHstList.do,NOT_VERIFIED
src/main/java/arisuinfo/cm/myPage/web/JobProcHistController.java,39,/form/cm/myPage/reDoSndngUMS.do,NOT_VERIFIED
src/main/java/arisuinfo/cm/myPage/web/JobProcHistController.java,53,/form/cm/myPage/searchEmaiilSndngHstList.do,NOT_VERIFIED
src/main/java/arisuinfo/cm/myPage/web/JobProcHistController.java,67,/form/cm/myPage/reDoSndngEmail.do,NOT_VERIFIED
src/main/java/arisuinfo/cm/myPage/web/MkeyHistController.java,26,/form/cm/myPage/getMkeyHistList.do,NOT_VERIFIED
src/main/java/arisuinfo/cm/myPage/web/UsrSchdulMngController.java,27,/form/cm/myPage/searchUsrSchdul.do,NOT_VERIFIED
src/main/java/arisuinfo/cm/myPage/web/UsrSchdulMngController.java,41,/form/cm/myPage/registUsrSchdul.do,NOT_VERIFIED
src/main/java/arisuinfo/cm/myPage/web/UsrSchdulMngController.java,55,/form/cm/myPage/updateUsrSchdul.do,NOT_VERIFIED
src/main/java/arisuinfo/cm/myPage/web/UsrSchdulMngController.java,69,/form/cm/myPage/updateTaskStatus.do,NOT_VERIFIED
src/main/java/arisuinfo/cm/myPage/web/UsrSchdulMngController.java,83,/form/cm/myPage/deleteUsrSchdul.do,NOT_VERIFIED
src/main/java/arisuinfo/cm/myPage/web/UsrSchdulMngController.java,97,/form/cm/main/searchUsrSchdulList.do,NOT_VERIFIED
src/main/java/arisuinfo/cm/oper/web/BatchMngController.java,60,/form/cm/oper/searchBatchList.do,NOT_VERIFIED
src/main/java/arisuinfo/cm/oper/web/BatchMngController.java,76,/form/cm/oper/registBatch.do,NOT_VERIFIED
src/main/java/arisuinfo/cm/oper/web/BatchMngController.java,92,/form/cm/oper/modifyBatch.do,NOT_VERIFIED
src/main/java/arisuinfo/cm/oper/web/BatchMngController.java,108,/form/cm/oper/removeBatch.do,NOT_VERIFIED
src/main/java/arisuinfo/cm/oper/web/BatchMngController.java,124,/form/cm/oper/searchBatchHistList.do,NOT_VERIFIED
src/main/java/arisuinfo/cm/oper/web/BatchMngController.java,140,/form/cm/oper/executeBatch.do,NOT_VERIFIED
src/main/java/arisuinfo/cm/oper/web/BatchMngController.java,185,/form/cm/oper/executeManual.do,NOT_VERIFIED
src/main/java/arisuinfo/cm/oper/web/BillFormHistController.java,37,/form/cm/oper/searchBillFormList.do,NOT_VERIFIED
src/main/java/arisuinfo/cm/oper/web/BillFormHistController.java,46,/form/cm/oper/insertBillFormHist.do,NOT_VERIFIED
src/main/java/arisuinfo/cm/oper/web/BillFormHistController.java,55,/form/cm/oper/updateBillFormHist.do,NOT_VERIFIED
src/main/java/arisuinfo/cm/oper/web/BillFormHistController.java,64,/form/cm/oper/deleteBillFormHist.do,NOT_VERIFIED
src/main/java/arisuinfo/cm/oper/web/CntcMngController.java,51,/form/cm/oper/searchCntcProgrm.do,NOT_VERIFIED
src/main/java/arisuinfo/cm/oper/web/CntcMngController.java,69,/form/cm/oper/insertCntcProgrm.do,NOT_VERIFIED
src/main/java/arisuinfo/cm/oper/web/CntcMngController.java,87,/form/cm/oper/updateCntcProgrm.do,NOT_VERIFIED
src/main/java/arisuinfo/cm/oper/web/CntcMngController.java,105,/form/cm/oper/deleteCntcProgrm.do,NOT_VERIFIED
src/main/java/arisuinfo/cm/oper/web/CntcMngController.java,122,/form/cm/oper/searchCntcHist.do,NOT_VERIFIED
src/main/java/arisuinfo/cm/oper/web/EltNtHstController.java,42,/form/cm/oper/searchEltNtHstList.do,NOT_VERIFIED
src/main/java/arisuinfo/cm/oper/web/EltNtHstController.java,56,/form/cm/oper/searchEmailSndDsc.do,NOT_VERIFIED
src/main/java/arisuinfo/cm/oper/web/EltNtHstController.java,71,/form/cm/oper/sendSmsEltNt.do,NOT_VERIFIED
src/main/java/arisuinfo/cm/oper/web/EltNtHstController.java,77,/form/cm/oper/reDoEltNt.do,NOT_VERIFIED
src/main/java/arisuinfo/cm/oper/web/EltSanctnMngController.java,52,/form/cm/oper/searchElectSanctnHist.do,NOT_VERIFIED
src/main/java/arisuinfo/cm/oper/web/EltSanctnMngController.java,68,/form/cm/oper/searchElectSanctnHistByUsr.do,NOT_VERIFIED
src/main/java/arisuinfo/cm/oper/web/EltSanctnMngController.java,85,/form/cm/oper/searchEscbrdProcessList.do,NOT_VERIFIED
src/main/java/arisuinfo/cm/oper/web/EltSanctnMngController.java,101,/form/cm/oper/searchEltErrList.do,NOT_VERIFIED
src/main/java/arisuinfo/cm/oper/web/EltSanctnMngController.java,117,/form/cm/oper/searchEltSanctnStat.do,NOT_VERIFIED
src/main/java/arisuinfo/cm/oper/web/EltSanctnMngController.java,133,/form/cm/oper/searchElectSanctnRltmHist.do,NOT_VERIFIED
src/main/java/arisuinfo/cm/oper/web/EltSanctnMngController.java,138,/form/cm/oper/reDoElectSanctn.do,NOT_VERIFIED
src/main/java/arisuinfo/cm/oper/web/EltSanctnMngController.java,150,/form/cm/oper/searchMyElectSanctnHist.do,NOT_VERIFIED
src/main/java/arisuinfo/cm/oper/web/EltSanctnMngController.java,162,/form/cm/oper/searchMyElectSanctnDraftCnt.do,NOT_VERIFIED
src/main/java/arisuinfo/cm/oper/web/ExcDwnLogMngController.java,36,/form/cm/oper/registExcDwnLogMng.do,NOT_VERIFIED
src/main/java/arisuinfo/cm/oper/web/IssueMngController.java,36,/form/cm/oper/searchSysSeCdList.do,NOT_VERIFIED
src/main/java/arisuinfo/cm/oper/web/IssueMngController.java,45,/form/cm/oper/searchTaskSeCdList.do,NOT_VERIFIED
src/main/java/arisuinfo/cm/oper/web/IssueMngController.java,54,/form/cm/oper/searchPgmCdList.do,NOT_VERIFIED
src/main/java/arisuinfo/cm/oper/web/IssueMngController.java,63,/form/cm/oper/searchAllComboList.do,NOT_VERIFIED
src/main/java/arisuinfo/cm/oper/web/IssueMngController.java,72,/form/cm/oper/searchIssueMngList.do,NOT_VERIFIED
src/main/java/arisuinfo/cm/oper/web/IssueMngController.java,81,/form/cm/oper/insertIssueMng.do,NOT_VERIFIED
src/main/java/arisuinfo/cm/oper/web/IssueMngController.java,90,/form/cm/oper/searchMenuInfo.do,NOT_VERIFIED
src/main/java/arisuinfo/cm/oper/web/IssueMngController.java,99,/form/cm/oper/updateIssueMng.do,NOT_VERIFIED
src/main/java/arisuinfo/cm/oper/web/IssueMngController.java,108,/form/cm/oper/deleteIssueMng.do,NOT_VERIFIED
src/main/java/arisuinfo/cm/oper/web/ProcSchdulMngController.java,60,/form/cm/oper/searchProcSchdulList.do,NOT_VERIFIED
src/main/java/arisuinfo/cm/oper/web/ProcSchdulMngController.java,76,/form/cm/oper/searchOperMonth.do,NOT_VERIFIED
src/main/java/arisuinfo/cm/oper/web/ProcSchdulMngController.java,90,/form/cm/oper/getSysDate.do,NOT_VERIFIED
src/main/java/arisuinfo/cm/oper/web/ProcSchdulMngController.java,106,/form/cm/oper/searchProcSchdulDetailList.do,NOT_VERIFIED
src/main/java/arisuinfo/cm/oper/web/ProcSchdulMngController.java,123,/form/cm/oper/searchNoticeJobSchdulList.do,NOT_VERIFIED
src/main/java/arisuinfo/cm/oper/web/TaskMngController.java,45,/form/cm/oper/searchTaskMngList.do,NOT_VERIFIED
src/main/java/arisuinfo/cm/oper/web/TaskMngController.java,58,/form/cm/oper/registTaskMng.do,NOT_VERIFIED
src/main/java/arisuinfo/cm/oper/web/TaskMngController.java,71,/form/cm/oper/modifyTaskMng.do,NOT_VERIFIED
src/main/java/arisuinfo/cm/oper/web/TaskMngController.java,84,/form/cm/oper/removeTaskMng.do,NOT_VERIFIED
src/main/java/arisuinfo/cm/oper/web/UmsSndngHstController.java,42,/form/cm/oper/searchUmsSndngHst.do,NOT_VERIFIED
src/main/java/arisuinfo/cm/pdaImage/web/ImageUploadController.java,23,/form/cm/pdaImage/imageUpload.do,NOT_VERIFIED
src/main/java/arisuinfo/cm/pdaImage/web/ImageUploadController.java,28,/form/cm/pdaImage/imageView.do,NOT_VERIFIED
src/main/java/arisuinfo/cm/usr/web/JobChrgerMngController.java,40,/form/cm/usr/searchJobChrger.do,NOT_VERIFIED
src/main/java/arisuinfo/cm/usr/web/JobChrgerMngController.java,50,/form/cm/usr/registJobChrger.do,NOT_VERIFIED
src/main/java/arisuinfo/cm/usr/web/JobChrgerMngController.java,60,/form/cm/usr/modifyJobChrger.do,NOT_VERIFIED
src/main/java/arisuinfo/cm/usr/web/JobChrgerMngController.java,70,/form/cm/usr/removeJobChrger.do,NOT_VERIFIED
src/main/java/arisuinfo/cm/usr/web/JobChrgerMngController.java,80,/form/cm/usr/modifyJobChrgerUseFlag.do,NOT_VERIFIED
src/main/java/arisuinfo/cm/usr/web/JobChrgerMngController.java,90,/form/cm/usr/searchJobChrgerByDong.do,NOT_VERIFIED
src/main/java/arisuinfo/cm/usr/web/JobChrgerMngController.java,100,/form/cm/usr/searchStopJob.do,NOT_VERIFIED
src/main/java/arisuinfo/cm/usr/web/JobChrgerMngController.java,110,/form/cm/usr/modifyStopJob.do,NOT_VERIFIED
src/main/java/arisuinfo/cm/usr/web/JobChrgerMngController.java,120,/form/cm/usr/searchStopJobUtil.do,NOT_VERIFIED
src/main/java/arisuinfo/cm/usr/web/MyInfoController.java,45,/form/cm/user/searchMyInfoUdt.do,NOT_VERIFIED
src/main/java/arisuinfo/cm/usr/web/MyInfoController.java,56,/form/cm/user/modifyMyInfoUdt.do,NOT_VERIFIED
src/main/java/arisuinfo/cm/usr/web/MyInfoController.java,69,/form/cm/usr/selectUsrJobList.do,NOT_VERIFIED
src/main/java/arisuinfo/cm/usr/web/MyInfoController.java,83,/form/cm/usr/insertAuthMndt.do,NOT_VERIFIED
src/main/java/arisuinfo/cm/usr/web/MyInfoController.java,97,/form/cm/usr/deleteAuthMndt.do,NOT_VERIFIED
src/main/java/arisuinfo/cm/usr/web/MyInfoController.java,111,/form/cm/usr/selectAuthMndt.do,NOT_VERIFIED
src/main/java/arisuinfo/cm/usr/web/MyInfoController.java,125,/form/cm/usr/selectAuthApovList.do,NOT_VERIFIED
src/main/java/arisuinfo/cm/usr/web/MyInfoController.java,139,/form/cm/usr/selectDelegateAuthList.do,NOT_VERIFIED
src/main/java/arisuinfo/cm/usr/web/UsrMngController.java,44,/form/cm/usr/searchUsr.do,NOT_VERIFIED
src/main/java/arisuinfo/cm/usr/web/UsrMngController.java,58,/form/cm/usr/searchUsrList.do,NOT_VERIFIED
src/main/java/arisuinfo/cm/usr/web/UsrMngController.java,72,/form/cm/usr/selectAuthComboList.do,NOT_VERIFIED
src/main/java/arisuinfo/cm/usr/web/UsrMngController.java,86,/form/cm/usr/selectAuthAplyUsr.do,NOT_VERIFIED
src/main/java/arisuinfo/cm/usr/web/UsrMngController.java,100,/form/cm/usr/saveUsrInfo.do,NOT_VERIFIED
src/main/java/arisuinfo/cm/usr/web/UsrMngController.java,114,/form/cm/usr/apovAuthUsr.do,NOT_VERIFIED
src/main/java/arisuinfo/cm/usr/web/UsrMngController.java,128,/form/cm/usr/rejectUsrList.do,NOT_VERIFIED
src/main/java/arisuinfo/cm/usr/web/UsrMngController.java,142,/form/cm/usr/apovUsrList.do,NOT_VERIFIED
src/main/java/arisuinfo/cm/usr/web/UsrMngController.java,156,/form/cm/usr/selectUsrIdByUsrNm.do,NOT_VERIFIED
src/main/java/arisuinfo/cm/usr/web/UsrMngController.java,170,/form/cm/usr/selectUsrAuthHstryList.do,NOT_VERIFIED
src/main/java/arisuinfo/cm/usr/web/UsrMngController.java,184,/form/cm/usr/saveAuthChg.do,NOT_VERIFIED
src/main/java/arisuinfo/cm/usr/web/UsrMngController.java,198,/form/cm/user/searchSstvInfoIdNoPop.do,NOT_VERIFIED
src/main/java/arisuinfo/cm/usr/web/UsrMngController.java,212,/form/cm/user/searchSstvInfoAccountHist.do,NOT_VERIFIED
src/main/java/arisuinfo/cm/usr/web/UsrMntrngController.java,41,/form/cm/user/searchSstvInfoList.do,NOT_VERIFIED
src/main/java/arisuinfo/cm/usr/web/UsrMntrngController.java,53,/form/cm/user/searchSstvQualfInfoList.do,NOT_VERIFIED
src/main/java/arisuinfo/cm/usr/web/UsrMntrngController.java,69,/form/cm/user/searchUsrPerMenuList.do,NOT_VERIFIED
src/main/java/arisuinfo/cm/usr/web/UsrRgnController.java,44,/form/cm/usr/selectAreaPopupList.do,NOT_VERIFIED
src/main/java/arisuinfo/cm/usr/web/UsrRgnController.java,58,/form/cm/usr/insertUsrRgnList.do,NOT_VERIFIED
src/main/java/arisuinfo/cm/usr/web/UsrRgnController.java,72,/form/cm/usr/selectUsrAreaSummaryList.do,NOT_VERIFIED
src/main/java/arisuinfo/com/batch/test/BatchTestController.java,21,/batch/test,NOT_VERIFIED
src/main/java/arisuinfo/com/batch/test/BatchTestController.java,33,/insertLog,NOT_VERIFIED
src/main/java/arisuinfo/com/batch/test/BatchTestController.java,45,/runManual,NOT_VERIFIED
src/main/java/arisuinfo/com/eltSanctn/web/EltSancReceiveController.java,73,/com/eltSanctn/EltSancReceiveController.do,NOT_VERIFIED
src/main/java/arisuinfo/com/eltSanctn/web/EltSancReceiveController.java,337,/form/com/eltSanctn/EltSancReceiveManualController.do,NOT_VERIFIED
src/main/java/arisuinfo/com/eltSanctn/web/EltSancReceiveController.java,529,/form/com/eltSanctn/modifyEltSanctnEnd.do,NOT_VERIFIED
src/main/java/arisuinfo/com/eltSanctn/web/EltSancRestController.java,51,/rest/eltSanctn,NOT_VERIFIED
src/main/java/arisuinfo/com/eltSanctn/web/EltSancRestController.java,78,/upload.do,NOT_VERIFIED
src/main/java/arisuinfo/com/fileUpload/web/FileUploadController.java,76,/form/cm/fileUpload/fileUploadList.do,NOT_VERIFIED
src/main/java/arisuinfo/com/fileUpload/web/FileUploadController.java,86,/form/cm/fileUpload/deleteFile.do,NOT_VERIFIED
src/main/java/arisuinfo/com/fileUpload/web/FileUploadController.java,91,/com/arisuFileDownload.do,NOT_VERIFIED
src/main/java/arisuinfo/com/fileUpload/web/FileUploadController.java,164,/form/arisuFileUrl.do,NOT_VERIFIED
src/main/java/arisuinfo/com/fileUpload/web/FileUploadController.java,235,/form/arisuFileUpload.do,NOT_VERIFIED
src/main/java/arisuinfo/com/fileUpload/web/FileUploadController.java,280,/com/arisuFileUpload.do,NOT_VERIFIED
src/main/java/arisuinfo/com/fileUpload/web/FileUploadController.java,420,/form/cm/fileUpload/arisuFileSave.do,NOT_VERIFIED
src/main/java/arisuinfo/com/fileUpload/web/FileUploadController.java,430,/form/cm/fileUpload/fileUploadHistory.do,NOT_VERIFIED
src/main/java/arisuinfo/com/fileUpload/web/FileUploadController.java,444,/form/cm/fileUpload/fileInfo.do,NOT_VERIFIED
src/main/java/arisuinfo/com/fileUpload/web/FileUploadController.java,459,/form/cm/fileUpload/raonImageUpload.do,NOT_VERIFIED
src/main/java/arisuinfo/com/fileUpload/web/FileUploadController.java,533,/form/cm/fileUpload/parseExcelWithPw.do,NOT_VERIFIED
src/main/java/arisuinfo/com/fileUpload/web/FileUploadController.java,548,/form/cm/fileUpload/deleteAtchFileHard.do,NOT_VERIFIED
src/main/java/arisuinfo/com/message/web/MessageController.java,46,/form/cm/message/getMessages.do,NOT_VERIFIED
src/main/java/arisuinfo/com/rest/web/OxmController.java,32,/rest,NOT_VERIFIED
src/main/java/arisuinfo/com/rest/web/OxmController.java,37,/oxm.do,NOT_VERIFIED
src/main/java/arisuinfo/com/rest/web/RestfulController.java,37,/rest,NOT_VERIFIED
src/main/java/arisuinfo/com/rest/web/RestfulController.java,66,/customerList.do,NOT_VERIFIED
src/main/java/arisuinfo/com/rest/web/RestfulController.java,154,/customerList1.do,NOT_VERIFIED
src/main/java/arisuinfo/com/rest/web/RestfulController.java,181,/customerListPost.do,NOT_VERIFIED
src/main/java/arisuinfo/com/util/web/QrCodeController.java,63,/com/qrcode/getQrCode.do,NOT_VERIFIED
src/main/java/arisuinfo/com/util/web/VoiceEyeController.java,58,/com/qrcode/getVoiceEyeByParams.do,NOT_VERIFIED
src/main/java/arisuinfo/com/util/web/VoiceEyeController.java,133,/com/qrcode/getVoiceEye.do,NOT_VERIFIED
src/main/java/arisuinfo/com/util/web/VoiceEyeController.java,192,/com/qrcode/getVoiceEyeByParams2.do,NOT_VERIFIED
src/main/java/arisuinfo/com/web/MessageUtilController.java,62,/form/com/searchMessage.do,NOT_VERIFIED
src/main/java/arisuinfo/common/clipreport/web/ClipReportController.java,42,/common/clipreport,NOT_VERIFIED
src/main/java/arisuinfo/common/clipreport/web/ClipReportController.java,80,/reportServer.do,NOT_VERIFIED
src/main/java/arisuinfo/common/clipreport/web/ClipReportController.java,92,/createReport.do,NOT_VERIFIED
src/main/java/arisuinfo/common/clipreport/web/ClipReportController.java,117,/reportView.do,NOT_VERIFIED
src/main/java/arisuinfo/common/clipreport/web/ClipReportController.java,128,/exportForFile.do,NOT_VERIFIED
src/main/java/arisuinfo/common/clipreport/web/ClipReportController.java,142,/sendReportEmail.do,NOT_VERIFIED
src/main/java/arisuinfo/common/clipreport/web/ClipReportController.java,157,/sendReportSms.do,NOT_VERIFIED
src/main/java/arisuinfo/common/sse/web/CmSseController.java,37,/common/sse,NOT_VERIFIED
src/main/java/arisuinfo/common/sse/web/CmSseController.java,53,/receiveNoticeEvent.do,NOT_VERIFIED
src/main/java/arisuinfo/common/sse/web/CmSseController.java,69,/eventSource.do,NOT_VERIFIED
src/main/java/arisuinfo/common/sse/web/CmSseController.java,77,/healthCheck.do,NOT_VERIFIED
