source,line,namespace,kind,id,status
src/main/resources/mappers/arisuinfo/cm/addrMapper.xml,10,arisuinfo.cm.cmPop.mapper.AddrMapper,select,searchCityList,NOT_VERIFIED
src/main/resources/mappers/arisuinfo/cm/addrMapper.xml,29,arisuinfo.cm.cmPop.mapper.AddrMapper,select,searchRegionSignguList,NOT_VERIFIED
src/main/resources/mappers/arisuinfo/cm/addrMapper.xml,61,arisuinfo.cm.cmPop.mapper.AddrMapper,select,searchRnList,NOT_VERIFIED
src/main/resources/mappers/arisuinfo/cm/addrMapper.xml,89,arisuinfo.cm.cmPop.mapper.AddrMapper,select,searchSeoulSignguList,NOT_VERIFIED
src/main/resources/mappers/arisuinfo/cm/addrMapper.xml,114,arisuinfo.cm.cmPop.mapper.AddrMapper,select,searchRnRepresentList,NOT_VERIFIED
src/main/resources/mappers/arisuinfo/cm/addrMapper.xml,608,arisuinfo.cm.cmPop.mapper.AddrMapper,select,searchJibunAddrList,NOT_VERIFIED
src/main/resources/mappers/arisuinfo/cm/addrMapper.xml,651,arisuinfo.cm.cmPop.mapper.AddrMapper,select,searchRnListCity,NOT_VERIFIED
src/main/resources/mappers/arisuinfo/cm/addrMapper.xml,659,arisuinfo.cm.cmPop.mapper.AddrMapper,select,searchRnListSigngu,NOT_VERIFIED
src/main/resources/mappers/arisuinfo/cm/auth/auth/authChgHstryMapper.xml,9,arisuinfo.cm.auth.auth.mapper.AuthChgHstryMapper,insert,insertAuthMenuHstry,NOT_VERIFIED
src/main/resources/mappers/arisuinfo/cm/auth/auth/authChgHstryMapper.xml,33,arisuinfo.cm.auth.auth.mapper.AuthChgHstryMapper,insert,insertAuthPgmHstry,NOT_VERIFIED
src/main/resources/mappers/arisuinfo/cm/auth/auth/authMenuMapper.xml,9,arisuinfo.cm.auth.auth.mapper.AuthMenuMapper,select,selectAuthMenuTreeListBySysSeCdAndAuthId,NOT_VERIFIED
src/main/resources/mappers/arisuinfo/cm/auth/auth/authMenuMapper.xml,159,arisuinfo.cm.auth.auth.mapper.AuthMenuMapper,update,insertAuthMenu,NOT_VERIFIED
src/main/resources/mappers/arisuinfo/cm/auth/auth/authMenuMapper.xml,195,arisuinfo.cm.auth.auth.mapper.AuthMenuMapper,delete,deleteAuthMenuByKey,NOT_VERIFIED
src/main/resources/mappers/arisuinfo/cm/auth/auth/authMenuMapper.xml,204,arisuinfo.cm.auth.auth.mapper.AuthMenuMapper,delete,deleteOrphanAuthPgmDtlsByAuthId,NOT_VERIFIED
src/main/resources/mappers/arisuinfo/cm/auth/auth/authMenuMapper.xml,224,arisuinfo.cm.auth.auth.mapper.AuthMenuMapper,insert,insertAuthPgmDtls,NOT_VERIFIED
src/main/resources/mappers/arisuinfo/cm/auth/auth/authMenuMapper.xml,254,arisuinfo.cm.auth.auth.mapper.AuthMenuMapper,delete,deleteAuthPgmDtlsByKey,NOT_VERIFIED
src/main/resources/mappers/arisuinfo/cm/auth/auth/authMenuMapper.xml,269,arisuinfo.cm.auth.auth.mapper.AuthMenuMapper,select,selectAuthPgmDtlsListByAuthIdAndMenuId,NOT_VERIFIED
src/main/resources/mappers/arisuinfo/cm/auth/auth/authMenuMapper.xml,288,arisuinfo.cm.auth.auth.mapper.AuthMenuMapper,select,selectMenuListByMenuId,NOT_VERIFIED
src/main/resources/mappers/arisuinfo/cm/auth/auth/authMenuMapper.xml,309,arisuinfo.cm.auth.auth.mapper.AuthMenuMapper,delete,deleteUpperMenu,NOT_VERIFIED
src/main/resources/mappers/arisuinfo/cm/auth/auth/authMenuMapper.xml,344,arisuinfo.cm.auth.auth.mapper.AuthMenuMapper,select,selectMenuListWithPublic,NOT_VERIFIED
src/main/resources/mappers/arisuinfo/cm/auth/auth/authMenuMapper.xml,455,arisuinfo.cm.auth.auth.mapper.AuthMenuMapper,select,selectAuthMenuByAuthId,NOT_VERIFIED
src/main/resources/mappers/arisuinfo/cm/auth/auth/authMngMapper.xml,9,arisuinfo.cm.auth.auth.mapper.AuthMapper,select,selectAuthTreeList,NOT_VERIFIED
src/main/resources/mappers/arisuinfo/cm/auth/auth/authMngMapper.xml,117,arisuinfo.cm.auth.auth.mapper.AuthMapper,select,selectAuthClsfByKey,NOT_VERIFIED
src/main/resources/mappers/arisuinfo/cm/auth/auth/authMngMapper.xml,172,arisuinfo.cm.auth.auth.mapper.AuthMapper,insert,insertAuthClsf,NOT_VERIFIED
src/main/resources/mappers/arisuinfo/cm/auth/auth/authMngMapper.xml,201,arisuinfo.cm.auth.auth.mapper.AuthMapper,update,updateAuthClsf,NOT_VERIFIED
src/main/resources/mappers/arisuinfo/cm/auth/auth/authMngMapper.xml,231,arisuinfo.cm.auth.auth.mapper.AuthMapper,select,selectAuthByKey,NOT_VERIFIED
src/main/resources/mappers/arisuinfo/cm/auth/auth/authMngMapper.xml,281,arisuinfo.cm.auth.auth.mapper.AuthMapper,insert,insertAuth,NOT_VERIFIED
src/main/resources/mappers/arisuinfo/cm/auth/auth/authMngMapper.xml,311,arisuinfo.cm.auth.auth.mapper.AuthMapper,update,updateAuth,NOT_VERIFIED
src/main/resources/mappers/arisuinfo/cm/auth/auth/authMngMapper.xml,329,arisuinfo.cm.auth.auth.mapper.AuthMapper,select,selectAuthIdByKey,NOT_VERIFIED
src/main/resources/mappers/arisuinfo/cm/auth/auth/authMngMapper.xml,350,arisuinfo.cm.auth.auth.mapper.AuthMapper,select,selectAuthClsfIdByKey,NOT_VERIFIED
src/main/resources/mappers/arisuinfo/cm/auth/auth/authUsrMapper.xml,9,arisuinfo.cm.auth.auth.mapper.AuthUsrMapper,select,selectAuthUsrList,NOT_VERIFIED
src/main/resources/mappers/arisuinfo/cm/auth/auth/authUsrMapper.xml,66,arisuinfo.cm.auth.auth.mapper.AuthUsrMapper,select,selectAuthUsrDtls,NOT_VERIFIED
src/main/resources/mappers/arisuinfo/cm/auth/auth/authUsrMapper.xml,160,arisuinfo.cm.auth.auth.mapper.AuthUsrMapper,select,selectAuthUsrHstryDtls,NOT_VERIFIED
src/main/resources/mappers/arisuinfo/cm/auth/auth/authUsrMapper.xml,226,arisuinfo.cm.auth.auth.mapper.AuthUsrMapper,select,selectAuthUsrInfo,NOT_VERIFIED
src/main/resources/mappers/arisuinfo/cm/auth/auth/authUsrMapper.xml,280,arisuinfo.cm.auth.auth.mapper.AuthUsrMapper,insert,insertAuthUsrAply,NOT_VERIFIED
src/main/resources/mappers/arisuinfo/cm/auth/auth/authUsrMapper.xml,368,arisuinfo.cm.auth.auth.mapper.AuthUsrMapper,insert,insertAuthUsrProc,NOT_VERIFIED
src/main/resources/mappers/arisuinfo/cm/auth/auth/authUsrMapper.xml,432,arisuinfo.cm.auth.auth.mapper.AuthUsrMapper,insert,insertAuthUsrRevoke,NOT_VERIFIED
src/main/resources/mappers/arisuinfo/cm/auth/auth/authUsrMapper.xml,496,arisuinfo.cm.auth.auth.mapper.AuthUsrMapper,insert,insertAuthUsrGrant,NOT_VERIFIED
src/main/resources/mappers/arisuinfo/cm/auth/auth/authUsrMapper.xml,586,arisuinfo.cm.auth.auth.mapper.AuthUsrMapper,select,selectLatestProcStatusCd,NOT_VERIFIED
src/main/resources/mappers/arisuinfo/cm/auth/auth/authUsrMapper.xml,615,arisuinfo.cm.auth.auth.mapper.AuthUsrMapper,update,updateAuthUsrReturnRsn,NOT_VERIFIED
src/main/resources/mappers/arisuinfo/cm/auth/auth/authUsrMapper.xml,649,arisuinfo.cm.auth.auth.mapper.AuthUsrMapper,insert,insertApovUsr,NOT_VERIFIED
src/main/resources/mappers/arisuinfo/cm/auth/auth/authUsrMapper.xml,710,arisuinfo.cm.auth.auth.mapper.AuthUsrMapper,select,countLatestAplyAuthUsr,NOT_VERIFIED
src/main/resources/mappers/arisuinfo/cm/auth/auth/authUsrMapper.xml,741,arisuinfo.cm.auth.auth.mapper.AuthUsrMapper,select,selectMyInfoAuth,NOT_VERIFIED
src/main/resources/mappers/arisuinfo/cm/auth/auth/authUsrMapper.xml,782,arisuinfo.cm.auth.auth.mapper.AuthUsrMapper,select,selectLoginAuthUsrInfo,NOT_VERIFIED
src/main/resources/mappers/arisuinfo/cm/auth/auth/authUsrMapper.xml,896,arisuinfo.cm.auth.auth.mapper.AuthUsrMapper,select,selectAuthApovList,NOT_VERIFIED
src/main/resources/mappers/arisuinfo/cm/auth/menu/menuMngMapper.xml,9,arisuinfo.cm.auth.menu.mapper.MenuMapper,select,selectMenuTreeList,NOT_VERIFIED
src/main/resources/mappers/arisuinfo/cm/auth/menu/menuMngMapper.xml,51,arisuinfo.cm.auth.menu.mapper.MenuMapper,select,selectSiteMapMenuList,NOT_VERIFIED
src/main/resources/mappers/arisuinfo/cm/auth/menu/menuMngMapper.xml,80,arisuinfo.cm.auth.menu.mapper.MenuMapper,select,selectMenuList,NOT_VERIFIED
src/main/resources/mappers/arisuinfo/cm/auth/menu/menuMngMapper.xml,117,arisuinfo.cm.auth.menu.mapper.MenuMapper,select,selectMenuInfoByKey,NOT_VERIFIED
src/main/resources/mappers/arisuinfo/cm/auth/menu/menuMngMapper.xml,150,arisuinfo.cm.auth.menu.mapper.MenuMapper,update,insertMenu,NOT_VERIFIED
src/main/resources/mappers/arisuinfo/cm/auth/menu/menuMngMapper.xml,190,arisuinfo.cm.auth.menu.mapper.MenuMapper,update,updateMenu,NOT_VERIFIED
src/main/resources/mappers/arisuinfo/cm/auth/menu/menuMngMapper.xml,213,arisuinfo.cm.auth.menu.mapper.MenuMapper,update,updateMenuDel,NOT_VERIFIED
src/main/resources/mappers/arisuinfo/cm/auth/menu/menuMngMapper.xml,229,arisuinfo.cm.auth.menu.mapper.MenuMapper,select,selectMenuAuthList,NOT_VERIFIED
src/main/resources/mappers/arisuinfo/cm/auth/menu/menuMngMapper.xml,259,arisuinfo.cm.auth.menu.mapper.MenuMapper,select,selectMenuUsrList,NOT_VERIFIED
src/main/resources/mappers/arisuinfo/cm/auth/menu/menuMngMapper.xml,304,arisuinfo.cm.auth.menu.mapper.MenuMapper,select,selectMenuListByMenuId,NOT_VERIFIED
src/main/resources/mappers/arisuinfo/cm/auth/menu/menuMngMapper.xml,321,arisuinfo.cm.auth.menu.mapper.MenuMapper,update,insertMenuAuth,NOT_VERIFIED
src/main/resources/mappers/arisuinfo/cm/auth/menu/menuMngMapper.xml,357,arisuinfo.cm.auth.menu.mapper.MenuMapper,delete,deleteMenuAuth,NOT_VERIFIED
src/main/resources/mappers/arisuinfo/cm/auth/menu/menuMngMapper.xml,370,arisuinfo.cm.auth.menu.mapper.MenuMapper,delete,deleteMenuAuthDept,NOT_VERIFIED
src/main/resources/mappers/arisuinfo/cm/auth/menu/menuMngMapper.xml,396,arisuinfo.cm.auth.menu.mapper.MenuMapper,select,selectMenuIdByKey,NOT_VERIFIED
src/main/resources/mappers/arisuinfo/cm/auth/menu/menuMngMapper.xml,426,arisuinfo.cm.auth.menu.mapper.MenuMapper,update,updateMenuByPgmId,NOT_VERIFIED
src/main/resources/mappers/arisuinfo/cm/auth/pgm/pgmMngMapper.xml,9,arisuinfo.cm.auth.pgm.mapper.PgmMapper,select,selectPgmTreeList,NOT_VERIFIED
src/main/resources/mappers/arisuinfo/cm/auth/pgm/pgmMngMapper.xml,69,arisuinfo.cm.auth.pgm.mapper.PgmMapper,select,selectPgmInfoByKey,NOT_VERIFIED
src/main/resources/mappers/arisuinfo/cm/auth/pgm/pgmMngMapper.xml,118,arisuinfo.cm.auth.pgm.mapper.PgmMapper,select,selectPgmDetailList,NOT_VERIFIED
src/main/resources/mappers/arisuinfo/cm/auth/pgm/pgmMngMapper.xml,142,arisuinfo.cm.auth.pgm.mapper.PgmMapper,insert,insertPgm,NOT_VERIFIED
src/main/resources/mappers/arisuinfo/cm/auth/pgm/pgmMngMapper.xml,178,arisuinfo.cm.auth.pgm.mapper.PgmMapper,update,updatePgm,NOT_VERIFIED
src/main/resources/mappers/arisuinfo/cm/auth/pgm/pgmMngMapper.xml,199,arisuinfo.cm.auth.pgm.mapper.PgmMapper,update,deletePgm,NOT_VERIFIED
src/main/resources/mappers/arisuinfo/cm/auth/pgm/pgmMngMapper.xml,215,arisuinfo.cm.auth.pgm.mapper.PgmMapper,insert,insertPgmDtl,NOT_VERIFIED
src/main/resources/mappers/arisuinfo/cm/auth/pgm/pgmMngMapper.xml,247,arisuinfo.cm.auth.pgm.mapper.PgmMapper,delete,deleteAuthPgmDtlsByPgmDtl,NOT_VERIFIED
src/main/resources/mappers/arisuinfo/cm/auth/pgm/pgmMngMapper.xml,260,arisuinfo.cm.auth.pgm.mapper.PgmMapper,delete,deletePgmDtl,NOT_VERIFIED
src/main/resources/mappers/arisuinfo/cm/auth/pgm/pgmMngMapper.xml,273,arisuinfo.cm.auth.pgm.mapper.PgmMapper,update,updatePgmDtl,NOT_VERIFIED
src/main/resources/mappers/arisuinfo/cm/auth/pgm/pgmMngMapper.xml,292,arisuinfo.cm.auth.pgm.mapper.PgmMapper,select,selectPgmList,NOT_VERIFIED
src/main/resources/mappers/arisuinfo/cm/auth/pgm/pgmMngMapper.xml,325,arisuinfo.cm.auth.pgm.mapper.PgmMapper,select,selectPgmIdNextId,NOT_VERIFIED
src/main/resources/mappers/arisuinfo/cm/auth/pgm/pgmMngMapper.xml,341,arisuinfo.cm.auth.pgm.mapper.PgmMapper,select,selectMaxPgmDtlId,NOT_VERIFIED
src/main/resources/mappers/arisuinfo/cm/auth/pgm/pgmMngMapper.xml,358,arisuinfo.cm.auth.pgm.mapper.PgmMapper,select,selectPgmBtnAut,NOT_VERIFIED
src/main/resources/mappers/arisuinfo/cm/auth/pgm/pgmMngMapper.xml,394,arisuinfo.cm.auth.pgm.mapper.PgmMapper,select,selectPgmBtnAutList,NOT_VERIFIED
src/main/resources/mappers/arisuinfo/cm/auth/pgm/pgmMngMapper.xml,433,arisuinfo.cm.auth.pgm.mapper.PgmMapper,select,selectPgmIdByPgmNm,NOT_VERIFIED
src/main/resources/mappers/arisuinfo/cm/auth/pgm/pgmMngMapper.xml,449,arisuinfo.cm.auth.pgm.mapper.PgmMapper,select,selectPgmIdByPathNm,NOT_VERIFIED
src/main/resources/mappers/arisuinfo/cm/bankCdMngMapper.xml,9,arisuinfo.cm.bsis.mapper.BankCdMngMapper,select,searchBankCdMng,NOT_VERIFIED
src/main/resources/mappers/arisuinfo/cm/bankCdMngMapper.xml,49,arisuinfo.cm.bsis.mapper.BankCdMngMapper,select,searchBankCdExcel,NOT_VERIFIED
src/main/resources/mappers/arisuinfo/cm/bankCdMngMapper.xml,84,arisuinfo.cm.bsis.mapper.BankCdMngMapper,insert,registBankCdMng,NOT_VERIFIED
src/main/resources/mappers/arisuinfo/cm/bankCdMngMapper.xml,124,arisuinfo.cm.bsis.mapper.BankCdMngMapper,update,modifyBankCdMng,NOT_VERIFIED
src/main/resources/mappers/arisuinfo/cm/bankCdMngMapper.xml,150,arisuinfo.cm.bsis.mapper.BankCdMngMapper,delete,removeBankCdMng,NOT_VERIFIED
src/main/resources/mappers/arisuinfo/cm/bankCdMngMapper.xml,162,arisuinfo.cm.bsis.mapper.BankCdMngMapper,select,searchBrCdMng,NOT_VERIFIED
src/main/resources/mappers/arisuinfo/cm/bankCdMngMapper.xml,187,arisuinfo.cm.bsis.mapper.BankCdMngMapper,insert,registBrCdMng,NOT_VERIFIED
src/main/resources/mappers/arisuinfo/cm/bankCdMngMapper.xml,215,arisuinfo.cm.bsis.mapper.BankCdMngMapper,update,modifyBrCdMng,NOT_VERIFIED
src/main/resources/mappers/arisuinfo/cm/bankCdMngMapper.xml,235,arisuinfo.cm.bsis.mapper.BankCdMngMapper,delete,removeBrCdMng,NOT_VERIFIED
src/main/resources/mappers/arisuinfo/cm/bankCdMngMapper.xml,248,arisuinfo.cm.bsis.mapper.BankCdMngMapper,select,searchBankCdPList,NOT_VERIFIED
src/main/resources/mappers/arisuinfo/cm/bankCdMngMapper.xml,278,arisuinfo.cm.bsis.mapper.BankCdMngMapper,select,searchBrCdPList,NOT_VERIFIED
src/main/resources/mappers/arisuinfo/cm/basicChrMsgMngMapper.xml,9,arisuinfo.cm.bsis.mapper.BasicChrMsgMngMapper,select,searchBassChrMsgMng,NOT_VERIFIED
src/main/resources/mappers/arisuinfo/cm/basicChrMsgMngMapper.xml,62,arisuinfo.cm.bsis.mapper.BasicChrMsgMngMapper,insert,insertBassChrMsgMng,NOT_VERIFIED
src/main/resources/mappers/arisuinfo/cm/basicChrMsgMngMapper.xml,110,arisuinfo.cm.bsis.mapper.BasicChrMsgMngMapper,update,updateBassChrMsgMng,NOT_VERIFIED
src/main/resources/mappers/arisuinfo/cm/basicChrMsgMngMapper.xml,134,arisuinfo.cm.bsis.mapper.BasicChrMsgMngMapper,delete,deleteBassChrMsgMng,NOT_VERIFIED
src/main/resources/mappers/arisuinfo/cm/bbs/bbsDocMngMapper.xml,10,arisuinfo.cm.bbs.mapper.BbsDocMngMapper,select,searchBbsDoc,NOT_VERIFIED
src/main/resources/mappers/arisuinfo/cm/bbs/bbsDocMngMapper.xml,77,arisuinfo.cm.bbs.mapper.BbsDocMngMapper,select,searchBbsDocMng,NOT_VERIFIED
src/main/resources/mappers/arisuinfo/cm/bbs/bbsDocMngMapper.xml,152,arisuinfo.cm.bbs.mapper.BbsDocMngMapper,select,searchBbsDocMngDetail,NOT_VERIFIED
src/main/resources/mappers/arisuinfo/cm/bbs/bbsDocMngMapper.xml,197,arisuinfo.cm.bbs.mapper.BbsDocMngMapper,insert,registBbsDocMng,NOT_VERIFIED
src/main/resources/mappers/arisuinfo/cm/bbs/bbsDocMngMapper.xml,243,arisuinfo.cm.bbs.mapper.BbsDocMngMapper,update,modifyBbsDocMng,NOT_VERIFIED
src/main/resources/mappers/arisuinfo/cm/bbs/bbsFaqMngMapper.xml,10,arisuinfo.cm.bbs.mapper.BbsFaqMngMapper,select,searchBbsFaq,NOT_VERIFIED
src/main/resources/mappers/arisuinfo/cm/bbs/bbsFaqMngMapper.xml,83,arisuinfo.cm.bbs.mapper.BbsFaqMngMapper,select,searchBbsFaqDetail,NOT_VERIFIED
src/main/resources/mappers/arisuinfo/cm/bbs/bbsFaqMngMapper.xml,126,arisuinfo.cm.bbs.mapper.BbsFaqMngMapper,insert,registBbsFaqMng,NOT_VERIFIED
src/main/resources/mappers/arisuinfo/cm/bbs/bbsFaqMngMapper.xml,176,arisuinfo.cm.bbs.mapper.BbsFaqMngMapper,update,modifyBbsFaqMng,NOT_VERIFIED
src/main/resources/mappers/arisuinfo/cm/bbs/bbsFaqMngMapper.xml,204,arisuinfo.cm.bbs.mapper.BbsFaqMngMapper,select,searchFaqMain,NOT_VERIFIED
src/main/resources/mappers/arisuinfo/cm/bbs/bbsMngMapper.xml,10,arisuinfo.cm.bbs.mapper.BbsMngMapper,select,searchBbsMng,NOT_VERIFIED
src/main/resources/mappers/arisuinfo/cm/bbs/bbsMngMapper.xml,55,arisuinfo.cm.bbs.mapper.BbsMngMapper,select,selectBbsMngInfo,NOT_VERIFIED
src/main/resources/mappers/arisuinfo/cm/bbs/bbsMngMapper.xml,75,arisuinfo.cm.bbs.mapper.BbsMngMapper,insert,registBbsMng,NOT_VERIFIED
src/main/resources/mappers/arisuinfo/cm/bbs/bbsMngMapper.xml,112,arisuinfo.cm.bbs.mapper.BbsMngMapper,update,modifyBbsMng,NOT_VERIFIED
src/main/resources/mappers/arisuinfo/cm/bbs/bbsMngMapper.xml,127,arisuinfo.cm.bbs.mapper.BbsMngMapper,update,removeBbsMng,NOT_VERIFIED
src/main/resources/mappers/arisuinfo/cm/bbs/bbsMngMapper.xml,136,arisuinfo.cm.bbs.mapper.BbsMngMapper,update,modifyBbsSearchCnt,NOT_VERIFIED
src/main/resources/mappers/arisuinfo/cm/bbs/bbsMngMapper.xml,146,arisuinfo.cm.bbs.mapper.BbsMngMapper,update,removeBbs,NOT_VERIFIED
src/main/resources/mappers/arisuinfo/cm/bbs/bbsMngMapper.xml,157,arisuinfo.cm.bbs.mapper.BbsMngMapper,select,selectBbsOwner,NOT_VERIFIED
src/main/resources/mappers/arisuinfo/cm/bbs/bbsMngMapper.xml,166,arisuinfo.cm.bbs.mapper.BbsMngMapper,select,searchMainRollingList,NOT_VERIFIED
src/main/resources/mappers/arisuinfo/cm/bbs/bbsMngMapper.xml,203,arisuinfo.cm.bbs.mapper.BbsMngMapper,insert,registBbs,NOT_VERIFIED
src/main/resources/mappers/arisuinfo/cm/bbs/bbsMngMapper.xml,280,arisuinfo.cm.bbs.mapper.BbsMngMapper,update,modifyWorkDayBbs,NOT_VERIFIED
src/main/resources/mappers/arisuinfo/cm/bbs/bbsNtcMngMapper.xml,12,arisuinfo.cm.bbs.mapper.BbsNtcMngMapper,select,searchBbsNtc,NOT_VERIFIED
src/main/resources/mappers/arisuinfo/cm/bbs/bbsNtcMngMapper.xml,105,arisuinfo.cm.bbs.mapper.BbsNtcMngMapper,select,searchBbsNtcMng,NOT_VERIFIED
src/main/resources/mappers/arisuinfo/cm/bbs/bbsNtcMngMapper.xml,194,arisuinfo.cm.bbs.mapper.BbsNtcMngMapper,select,searchBbsNtcDetail,NOT_VERIFIED
src/main/resources/mappers/arisuinfo/cm/bbs/bbsNtcMngMapper.xml,267,arisuinfo.cm.bbs.mapper.BbsNtcMngMapper,insert,registBbsNtcMng,NOT_VERIFIED
src/main/resources/mappers/arisuinfo/cm/bbs/bbsNtcMngMapper.xml,344,arisuinfo.cm.bbs.mapper.BbsNtcMngMapper,update,modifyBbsNtcMng,NOT_VERIFIED
src/main/resources/mappers/arisuinfo/cm/bbs/bbsNtcMngMapper.xml,385,arisuinfo.cm.bbs.mapper.BbsNtcMngMapper,select,selectEmrgcNtcUnalrtList,NOT_VERIFIED
src/main/resources/mappers/arisuinfo/cm/bbs/bbsNtcMngMapper.xml,405,arisuinfo.cm.bbs.mapper.BbsNtcMngMapper,update,updateEmrgcNtcAlrtFlag,NOT_VERIFIED
src/main/resources/mappers/arisuinfo/cm/bbs/bbsNtcMngMapper.xml,420,arisuinfo.cm.bbs.mapper.BbsNtcMngMapper,select,searchBbsNtcPopup,NOT_VERIFIED
src/main/resources/mappers/arisuinfo/cm/bbs/bbsNtcMngMapper.xml,462,arisuinfo.cm.bbs.mapper.BbsNtcMngMapper,select,searchBbsNtcMain,NOT_VERIFIED
src/main/resources/mappers/arisuinfo/cm/bbs/bbsQnaMngMapper.xml,10,arisuinfo.cm.bbs.mapper.BbsQnaMngMapper,select,searchBbsQnaList,NOT_VERIFIED
src/main/resources/mappers/arisuinfo/cm/bbs/bbsQnaMngMapper.xml,110,arisuinfo.cm.bbs.mapper.BbsQnaMngMapper,select,searchBbsQnaMng,NOT_VERIFIED
src/main/resources/mappers/arisuinfo/cm/bbs/bbsQnaMngMapper.xml,220,arisuinfo.cm.bbs.mapper.BbsQnaMngMapper,select,searchBbsQnaDetail,NOT_VERIFIED
src/main/resources/mappers/arisuinfo/cm/bbs/bbsQnaMngMapper.xml,279,arisuinfo.cm.bbs.mapper.BbsQnaMngMapper,select,searchBbsQnaAnsList,NOT_VERIFIED
src/main/resources/mappers/arisuinfo/cm/bbs/bbsQnaMngMapper.xml,304,arisuinfo.cm.bbs.mapper.BbsQnaMngMapper,select,searchBbsQnaHelp,NOT_VERIFIED
src/main/resources/mappers/arisuinfo/cm/bbs/bbsQnaMngMapper.xml,317,arisuinfo.cm.bbs.mapper.BbsQnaMngMapper,insert,registBbsQnaMng,NOT_VERIFIED
src/main/resources/mappers/arisuinfo/cm/bbs/bbsQnaMngMapper.xml,369,arisuinfo.cm.bbs.mapper.BbsQnaMngMapper,update,modifyBbsQnaMng,NOT_VERIFIED
src/main/resources/mappers/arisuinfo/cm/bbs/bbsQnaMngMapper.xml,404,arisuinfo.cm.bbs.mapper.BbsQnaMngMapper,select,selectBbsOwner,NOT_VERIFIED
src/main/resources/mappers/arisuinfo/cm/bbs/bbsQnaMngMapper.xml,413,arisuinfo.cm.bbs.mapper.BbsQnaMngMapper,select,selectQnaOwnerInfo,NOT_VERIFIED
src/main/resources/mappers/arisuinfo/cm/bbs/bbsQnaMngMapper.xml,429,arisuinfo.cm.bbs.mapper.BbsQnaMngMapper,update,updateAtchFileCnt,NOT_VERIFIED
src/main/resources/mappers/arisuinfo/cm/bbs/bbsQnaMngMapper.xml,443,arisuinfo.cm.bbs.mapper.BbsQnaMngMapper,update,updateQnaProcessStatus,NOT_VERIFIED
src/main/resources/mappers/arisuinfo/cm/bbs/bbsQnaMngMapper.xml,452,arisuinfo.cm.bbs.mapper.BbsQnaMngMapper,select,searchInqryMain,NOT_VERIFIED
src/main/resources/mappers/arisuinfo/cm/bbs/bbsQnaMngMapper.xml,480,arisuinfo.cm.bbs.mapper.BbsQnaMngMapper,select,searchMyQnaList,NOT_VERIFIED
src/main/resources/mappers/arisuinfo/cm/bbs/bbsUtztnTrmsAgreMapper.xml,9,arisuinfo.cm.bbs.mapper.BbsUtztnTrmsAgreMapper,insert,insertUtztnTrmsAgre,NOT_VERIFIED
src/main/resources/mappers/arisuinfo/cm/bbs/bbsUtztnTrmsAgreMapper.xml,35,arisuinfo.cm.bbs.mapper.BbsUtztnTrmsAgreMapper,select,selectUtztnTrmsAgreYn,NOT_VERIFIED
src/main/resources/mappers/arisuinfo/cm/bbs/bbsUtztnTrmsAgreMapper.xml,58,arisuinfo.cm.bbs.mapper.BbsUtztnTrmsAgreMapper,select,selectUtztnTrmsNeedAgreSysList,NOT_VERIFIED
src/main/resources/mappers/arisuinfo/cm/bbs/BbsUtztnTrmsMapper.xml,17,arisuinfo.cm.bbs.mapper.BbsUtztnTrmsMapper,select,selectUtztnTrmsList,NOT_VERIFIED
src/main/resources/mappers/arisuinfo/cm/bbs/BbsUtztnTrmsMapper.xml,71,arisuinfo.cm.bbs.mapper.BbsUtztnTrmsMapper,insert,insertUtztnTrms,NOT_VERIFIED
src/main/resources/mappers/arisuinfo/cm/bbs/BbsUtztnTrmsMapper.xml,115,arisuinfo.cm.bbs.mapper.BbsUtztnTrmsMapper,update,updateUtztnTrms,NOT_VERIFIED
src/main/resources/mappers/arisuinfo/cm/bbs/BbsUtztnTrmsMapper.xml,141,arisuinfo.cm.bbs.mapper.BbsUtztnTrmsMapper,update,deleteUtztnTrms,NOT_VERIFIED
src/main/resources/mappers/arisuinfo/cm/billFormHistMapper.xml,6,arisuinfo.cm.oper.mapper.BillFormHistMapper,select,searchBillFormList,NOT_VERIFIED
src/main/resources/mappers/arisuinfo/cm/billFormHistMapper.xml,85,arisuinfo.cm.oper.mapper.BillFormHistMapper,insert,insertBillFormHist,NOT_VERIFIED
src/main/resources/mappers/arisuinfo/cm/billFormHistMapper.xml,113,arisuinfo.cm.oper.mapper.BillFormHistMapper,update,updateBillFormHist,NOT_VERIFIED
src/main/resources/mappers/arisuinfo/cm/billFormHistMapper.xml,127,arisuinfo.cm.oper.mapper.BillFormHistMapper,update,deleteBillFormHist,NOT_VERIFIED
src/main/resources/mappers/arisuinfo/cm/billFormHistMapper.xml,136,arisuinfo.cm.oper.mapper.BillFormHistMapper,update,updatePrevEndNapgi,NOT_VERIFIED
src/main/resources/mappers/arisuinfo/cm/billFormHistMapper.xml,154,arisuinfo.cm.oper.mapper.BillFormHistMapper,select,checkActiveRecord,NOT_VERIFIED
src/main/resources/mappers/arisuinfo/cm/cdValMngMapper.xml,8,arisuinfo.cm.bsis.mapper.CdValMngMapper,select,searchCdValMng,NOT_VERIFIED
src/main/resources/mappers/arisuinfo/cm/cdValMngMapper.xml,42,arisuinfo.cm.bsis.mapper.CdValMngMapper,insert,registCdValMng,NOT_VERIFIED
src/main/resources/mappers/arisuinfo/cm/cdValMngMapper.xml,75,arisuinfo.cm.bsis.mapper.CdValMngMapper,update,modifyCdValMng,NOT_VERIFIED
src/main/resources/mappers/arisuinfo/cm/cdValMngMapper.xml,92,arisuinfo.cm.bsis.mapper.CdValMngMapper,delete,removeCdValMng,NOT_VERIFIED
src/main/resources/mappers/arisuinfo/cm/cdValMngMapper.xml,104,arisuinfo.cm.bsis.mapper.CdValMngMapper,select,searchCdValPopUp,NOT_VERIFIED
src/main/resources/mappers/arisuinfo/cm/cgStdInfoMngMapper.xml,9,arisuinfo.cm.bsis.mapper.CgStdInfoMngMapper,select,searchCgStdInfoMng,NOT_VERIFIED
src/main/resources/mappers/arisuinfo/cm/cgStdInfoMngMapper.xml,79,arisuinfo.cm.bsis.mapper.CgStdInfoMngMapper,select,selectCgStdInfo,NOT_VERIFIED
src/main/resources/mappers/arisuinfo/cm/cgStdInfoMngMapper.xml,111,arisuinfo.cm.bsis.mapper.CgStdInfoMngMapper,update,modifyCgStdInfoStartDay,NOT_VERIFIED
src/main/resources/mappers/arisuinfo/cm/cgStdInfoMngMapper.xml,132,arisuinfo.cm.bsis.mapper.CgStdInfoMngMapper,update,registCgStdInfoStartDay,NOT_VERIFIED
src/main/resources/mappers/arisuinfo/cm/cgStdInfoMngMapper.xml,187,arisuinfo.cm.bsis.mapper.CgStdInfoMngMapper,update,registCgStdInfoStartDayByCopy,NOT_VERIFIED
src/main/resources/mappers/arisuinfo/cm/cgStdInfoMngMapper.xml,241,arisuinfo.cm.bsis.mapper.CgStdInfoMngMapper,insert,registCgStdInfoMng,NOT_VERIFIED
src/main/resources/mappers/arisuinfo/cm/cgStdInfoMngMapper.xml,305,arisuinfo.cm.bsis.mapper.CgStdInfoMngMapper,update,modifyCgStdInfoCntFrom,NOT_VERIFIED
src/main/resources/mappers/arisuinfo/cm/cgStdInfoMngMapper.xml,357,arisuinfo.cm.bsis.mapper.CgStdInfoMngMapper,delete,removeCgStdInfoMng,NOT_VERIFIED
src/main/resources/mappers/arisuinfo/cm/cgStdInfoMngMapper.xml,372,arisuinfo.cm.bsis.mapper.CgStdInfoMngMapper,update,updateCgStdInfo,NOT_VERIFIED
src/main/resources/mappers/arisuinfo/cm/cgStdInfoMngMapper.xml,403,arisuinfo.cm.bsis.mapper.CgStdInfoMngMapper,select,searchCgRdMng,NOT_VERIFIED
src/main/resources/mappers/arisuinfo/cm/cgStdInfoMngMapper.xml,481,arisuinfo.cm.bsis.mapper.CgStdInfoMngMapper,select,selectCgRdMngInfo,NOT_VERIFIED
src/main/resources/mappers/arisuinfo/cm/cgStdInfoMngMapper.xml,550,arisuinfo.cm.bsis.mapper.CgStdInfoMngMapper,update,registCgRdMng,NOT_VERIFIED
src/main/resources/mappers/arisuinfo/cm/cgStdInfoMngMapper.xml,646,arisuinfo.cm.bsis.mapper.CgStdInfoMngMapper,update,updateCgRdMng,NOT_VERIFIED
src/main/resources/mappers/arisuinfo/cm/cgStdInfoMngMapper.xml,698,arisuinfo.cm.bsis.mapper.CgStdInfoMngMapper,delete,deleteCgRdMng,NOT_VERIFIED
src/main/resources/mappers/arisuinfo/cm/cgStdInfoMngMapper.xml,713,arisuinfo.cm.bsis.mapper.CgStdInfoMngMapper,select,selectDuplicateCgStdInfoMng,NOT_VERIFIED
src/main/resources/mappers/arisuinfo/cm/cmCdListMapper.xml,6,arisuinfo.cm.main.mapper.CmCdListMapper,select,searchCmCdList,NOT_VERIFIED
src/main/resources/mappers/arisuinfo/cm/cmCdListMapper.xml,25,arisuinfo.cm.main.mapper.CmCdListMapper,select,searchCmCdLwrList,NOT_VERIFIED
src/main/resources/mappers/arisuinfo/cm/cmCdMapper.xml,6,arisuinfo.cm.cmPop.mapper.CmCdMapper,select,searchCmCdDtalList,NOT_VERIFIED
src/main/resources/mappers/arisuinfo/cm/cmCdMapper.xml,24,arisuinfo.cm.cmPop.mapper.CmCdMapper,select,searchCdNm,NOT_VERIFIED
src/main/resources/mappers/arisuinfo/cm/cmCdMngMapper.xml,7,arisuinfo.cm.bsis.mapper.CmCdMngMapper,select,searchCmCd,NOT_VERIFIED
src/main/resources/mappers/arisuinfo/cm/cmCdMngMapper.xml,36,arisuinfo.cm.bsis.mapper.CmCdMngMapper,insert,registCmCd,NOT_VERIFIED
src/main/resources/mappers/arisuinfo/cm/cmCdMngMapper.xml,63,arisuinfo.cm.bsis.mapper.CmCdMngMapper,update,modifyCmCd,NOT_VERIFIED
src/main/resources/mappers/arisuinfo/cm/cmCdMngMapper.xml,76,arisuinfo.cm.bsis.mapper.CmCdMngMapper,delete,removeCmCd,NOT_VERIFIED
src/main/resources/mappers/arisuinfo/cm/cmCdMngMapper.xml,85,arisuinfo.cm.bsis.mapper.CmCdMngMapper,select,searchCmCdDtal,NOT_VERIFIED
src/main/resources/mappers/arisuinfo/cm/cmCdMngMapper.xml,111,arisuinfo.cm.bsis.mapper.CmCdMngMapper,insert,registCmCdDtal,NOT_VERIFIED
src/main/resources/mappers/arisuinfo/cm/cmCdMngMapper.xml,155,arisuinfo.cm.bsis.mapper.CmCdMngMapper,update,modifyCmCdDtal,NOT_VERIFIED
src/main/resources/mappers/arisuinfo/cm/cmCdMngMapper.xml,177,arisuinfo.cm.bsis.mapper.CmCdMngMapper,update,modifyCmCdDtalForParent,NOT_VERIFIED
src/main/resources/mappers/arisuinfo/cm/cmCdMngMapper.xml,188,arisuinfo.cm.bsis.mapper.CmCdMngMapper,delete,removeCmCdDtal,NOT_VERIFIED
src/main/resources/mappers/arisuinfo/cm/cmCdMngMapper.xml,199,arisuinfo.cm.bsis.mapper.CmCdMngMapper,select,searchCmCdPop,NOT_VERIFIED
src/main/resources/mappers/arisuinfo/cm/cmCdMngMapper.xml,223,arisuinfo.cm.bsis.mapper.CmCdMngMapper,select,searchCmCdDtalPop,NOT_VERIFIED
src/main/resources/mappers/arisuinfo/cm/cmCdMngMapper.xml,279,arisuinfo.cm.bsis.mapper.CmCdMngMapper,select,searchCmCdExcel,NOT_VERIFIED
src/main/resources/mappers/arisuinfo/cm/cmCdMngMapper.xml,341,arisuinfo.cm.bsis.mapper.CmCdMngMapper,select,searchCmCdDtalLwr,NOT_VERIFIED
src/main/resources/mappers/arisuinfo/cm/cmCdMngMapper.xml,362,arisuinfo.cm.bsis.mapper.CmCdMngMapper,insert,registCmCdDtalLwr,NOT_VERIFIED
src/main/resources/mappers/arisuinfo/cm/cmCdMngMapper.xml,394,arisuinfo.cm.bsis.mapper.CmCdMngMapper,update,modifyCmCdDtalLwr,NOT_VERIFIED
src/main/resources/mappers/arisuinfo/cm/cmCdMngMapper.xml,410,arisuinfo.cm.bsis.mapper.CmCdMngMapper,select,searchCmCdLwrPop,NOT_VERIFIED
src/main/resources/mappers/arisuinfo/cm/cmFileReqMapper.xml,6,arisuinfo.cm.cmPop.mapper.CmFileReqMapper,insert,registCmFileReq,NOT_VERIFIED
src/main/resources/mappers/arisuinfo/cm/cmFileReqMapper.xml,44,arisuinfo.cm.cmPop.mapper.CmFileReqMapper,update,updateUmsSndngNo,NOT_VERIFIED
src/main/resources/mappers/arisuinfo/cm/cmFileReqMapper.xml,50,arisuinfo.cm.cmPop.mapper.CmFileReqMapper,select,searchFileReqUms,NOT_VERIFIED
src/main/resources/mappers/arisuinfo/cm/cmFileReqMapper.xml,65,arisuinfo.cm.cmPop.mapper.CmFileReqMapper,insert,umsSend,NOT_VERIFIED
src/main/resources/mappers/arisuinfo/cm/cmFileReqMapper.xml,105,arisuinfo.cm.cmPop.mapper.CmFileReqMapper,insert,registUmsSendHistory,NOT_VERIFIED
src/main/resources/mappers/arisuinfo/cm/cmFileReqMapper.xml,162,arisuinfo.cm.cmPop.mapper.CmFileReqMapper,update,deleteFileReq,NOT_VERIFIED
src/main/resources/mappers/arisuinfo/cm/cmFileReqMapper.xml,169,arisuinfo.cm.cmPop.mapper.CmFileReqMapper,select,basicChrMsgList,NOT_VERIFIED
src/main/resources/mappers/arisuinfo/cm/cmSmsSndngMapper.xml,10,arisuinfo.cm.cmPop.mapper.CmSmsSndngMapper,select,searchSmsAddr,NOT_VERIFIED
src/main/resources/mappers/arisuinfo/cm/cntcMngMapper.xml,6,arisuinfo.cm.oper.mapper.CntcMngMapper,select,searchCntcProgrm,NOT_VERIFIED
src/main/resources/mappers/arisuinfo/cm/cntcMngMapper.xml,49,arisuinfo.cm.oper.mapper.CntcMngMapper,select,searchNextLinkId,NOT_VERIFIED
src/main/resources/mappers/arisuinfo/cm/cntcMngMapper.xml,54,arisuinfo.cm.oper.mapper.CntcMngMapper,insert,insertCntcProgrm,NOT_VERIFIED
src/main/resources/mappers/arisuinfo/cm/cntcMngMapper.xml,124,arisuinfo.cm.oper.mapper.CntcMngMapper,update,updateCntcProgrm,NOT_VERIFIED
src/main/resources/mappers/arisuinfo/cm/cntcMngMapper.xml,147,arisuinfo.cm.oper.mapper.CntcMngMapper,delete,deleteCntcProgrm,NOT_VERIFIED
src/main/resources/mappers/arisuinfo/cm/cntcMngMapper.xml,156,arisuinfo.cm.oper.mapper.CntcMngMapper,select,searchCntcHist,NOT_VERIFIED
src/main/resources/mappers/arisuinfo/cm/cntcMngMapper.xml,207,arisuinfo.cm.oper.mapper.CntcMngMapper,insert,insertCntcHist,NOT_VERIFIED
src/main/resources/mappers/arisuinfo/cm/csCdMngMapper.xml,8,arisuinfo.cm.bsis.mapper.CsCdMngMapper,select,searchCsCdMng,NOT_VERIFIED
src/main/resources/mappers/arisuinfo/cm/csCdMngMapper.xml,76,arisuinfo.cm.bsis.mapper.CsCdMngMapper,insert,registCsCdMng,NOT_VERIFIED
src/main/resources/mappers/arisuinfo/cm/csCdMngMapper.xml,110,arisuinfo.cm.bsis.mapper.CsCdMngMapper,update,modifyCsCdMng,NOT_VERIFIED
src/main/resources/mappers/arisuinfo/cm/csCdMngMapper.xml,140,arisuinfo.cm.bsis.mapper.CsCdMngMapper,delete,removeCsCdMng,NOT_VERIFIED
src/main/resources/mappers/arisuinfo/cm/csCdMngMapper.xml,155,arisuinfo.cm.bsis.mapper.CsCdMngMapper,select,searchMCdSearch,NOT_VERIFIED
src/main/resources/mappers/arisuinfo/cm/csCdMngMapper.xml,233,arisuinfo.cm.bsis.mapper.CsCdMngMapper,select,searchSCdSearch,NOT_VERIFIED
src/main/resources/mappers/arisuinfo/cm/deptListMapper.xml,6,arisuinfo.cm.main.mapper.DeptListMapper,select,searchDptList,NOT_VERIFIED
src/main/resources/mappers/arisuinfo/cm/eltNtHstMapper.xml,9,arisuinfo.cm.oper.mapper.EltNtHstMapper,select,selectEltNtHstList,NOT_VERIFIED
src/main/resources/mappers/arisuinfo/cm/eltNtHstMapper.xml,344,arisuinfo.cm.oper.mapper.EltNtHstMapper,select,selectEmailSndMsgAtalk,NOT_VERIFIED
src/main/resources/mappers/arisuinfo/cm/eltNtHstMapper.xml,359,arisuinfo.cm.oper.mapper.EltNtHstMapper,select,selectEmailSndDsc,NOT_VERIFIED
src/main/resources/mappers/arisuinfo/cm/eltSanctnMngMapper.xml,24,arisuinfo.cm.oper.mapper.EltSanctnMngMapper,select,searchHistList,NOT_VERIFIED
src/main/resources/mappers/arisuinfo/cm/eltSanctnMngMapper.xml,130,arisuinfo.cm.oper.mapper.EltSanctnMngMapper,select,searchHistListByUsr,NOT_VERIFIED
src/main/resources/mappers/arisuinfo/cm/eltSanctnMngMapper.xml,182,arisuinfo.cm.oper.mapper.EltSanctnMngMapper,select,searchEscbrdProcessList,NOT_VERIFIED
src/main/resources/mappers/arisuinfo/cm/eltSanctnMngMapper.xml,271,arisuinfo.cm.oper.mapper.EltSanctnMngMapper,select,searchEltErrList,NOT_VERIFIED
src/main/resources/mappers/arisuinfo/cm/eltSanctnMngMapper.xml,312,arisuinfo.cm.oper.mapper.EltSanctnMngMapper,select,searchEltSanctnStat,NOT_VERIFIED
src/main/resources/mappers/arisuinfo/cm/eltSanctnMngMapper.xml,330,arisuinfo.cm.oper.mapper.EltSanctnMngMapper,select,searchElectSanctnRltmHist,NOT_VERIFIED
src/main/resources/mappers/arisuinfo/cm/eltSanctnMngMapper.xml,379,arisuinfo.cm.oper.mapper.EltSanctnMngMapper,select,searchReDoEltSanc,NOT_VERIFIED
src/main/resources/mappers/arisuinfo/cm/eltSanctnMngMapper.xml,402,arisuinfo.cm.oper.mapper.EltSanctnMngMapper,select,searchMyElectSanctnHist,NOT_VERIFIED
src/main/resources/mappers/arisuinfo/cm/eltSanctnMngMapper.xml,454,arisuinfo.cm.oper.mapper.EltSanctnMngMapper,select,searchMyElectSanctnDraftCnt,NOT_VERIFIED
src/main/resources/mappers/arisuinfo/cm/emailMapper.xml,5,arisuinfo.cm.cntc.mapper.EMailSndngMapper,insert,insertEMailInfo,NOT_VERIFIED
src/main/resources/mappers/arisuinfo/cm/emailMapper.xml,148,arisuinfo.cm.cntc.mapper.EMailSndngMapper,insert,insertEMailAttachFile,NOT_VERIFIED
src/main/resources/mappers/arisuinfo/cm/emailMapper.xml,165,arisuinfo.cm.cntc.mapper.EMailSndngMapper,insert,insertEMailSecure,NOT_VERIFIED
src/main/resources/mappers/arisuinfo/cm/emailMapper.xml,183,arisuinfo.cm.cntc.mapper.EMailSndngMapper,update,updateMsgFlag,NOT_VERIFIED
src/main/resources/mappers/arisuinfo/cm/emailMapper.xml,191,arisuinfo.cm.cntc.mapper.EMailSndngMapper,update,updateUmsKyeOnElt,NOT_VERIFIED
src/main/resources/mappers/arisuinfo/cm/emailMapper.xml,199,arisuinfo.cm.cntc.mapper.EMailSndngMapper,select,selectAutoPayTemplate,NOT_VERIFIED
src/main/resources/mappers/arisuinfo/cm/emailMapper.xml,209,arisuinfo.cm.cntc.mapper.EMailSndngMapper,select,selectAutoPayTemplateAll,NOT_VERIFIED
src/main/resources/mappers/arisuinfo/cm/emailMapper.xml,223,arisuinfo.cm.cntc.mapper.EMailSndngMapper,insert,insertSecureContent,NOT_VERIFIED
src/main/resources/mappers/arisuinfo/cm/excDwnLogMngMapper.xml,6,arisuinfo.cm.oper.mapper.ExcDwnLogMngMapper,insert,registExcDwnLogMng,NOT_VERIFIED
src/main/resources/mappers/arisuinfo/cm/hgyeSmokArvMngMapper.xml,7,arisuinfo.cm.bsis.mapper.HgyeSmokArvMngMapper,select,searchHgyeSmokArvYear,NOT_VERIFIED
src/main/resources/mappers/arisuinfo/cm/hgyeSmokArvMngMapper.xml,22,arisuinfo.cm.bsis.mapper.HgyeSmokArvMngMapper,select,searchHgyeArvStep,NOT_VERIFIED
src/main/resources/mappers/arisuinfo/cm/hgyeSmokArvMngMapper.xml,43,arisuinfo.cm.bsis.mapper.HgyeSmokArvMngMapper,select,searchHgyeArvOneStep,NOT_VERIFIED
src/main/resources/mappers/arisuinfo/cm/hgyeSmokArvMngMapper.xml,57,arisuinfo.cm.bsis.mapper.HgyeSmokArvMngMapper,select,searchHgyeSmokMng,NOT_VERIFIED
src/main/resources/mappers/arisuinfo/cm/hgyeSmokArvMngMapper.xml,96,arisuinfo.cm.bsis.mapper.HgyeSmokArvMngMapper,insert,registHgyeSmokMng,NOT_VERIFIED
src/main/resources/mappers/arisuinfo/cm/hgyeSmokArvMngMapper.xml,129,arisuinfo.cm.bsis.mapper.HgyeSmokArvMngMapper,update,modifyHgyeSmokMng,NOT_VERIFIED
src/main/resources/mappers/arisuinfo/cm/hgyeSmokArvMngMapper.xml,144,arisuinfo.cm.bsis.mapper.HgyeSmokArvMngMapper,delete,removeHgyeSmokMng,NOT_VERIFIED
src/main/resources/mappers/arisuinfo/cm/hgyeSmokArvMngMapper.xml,156,arisuinfo.cm.bsis.mapper.HgyeSmokArvMngMapper,select,searchHgyeArvMng,NOT_VERIFIED
src/main/resources/mappers/arisuinfo/cm/hgyeSmokArvMngMapper.xml,216,arisuinfo.cm.bsis.mapper.HgyeSmokArvMngMapper,insert,registHgyeArvMng,NOT_VERIFIED
src/main/resources/mappers/arisuinfo/cm/hgyeSmokArvMngMapper.xml,257,arisuinfo.cm.bsis.mapper.HgyeSmokArvMngMapper,update,modifyHgyeArvMng,NOT_VERIFIED
src/main/resources/mappers/arisuinfo/cm/hgyeSmokArvMngMapper.xml,276,arisuinfo.cm.bsis.mapper.HgyeSmokArvMngMapper,delete,removeHgyeArvMng,NOT_VERIFIED
src/main/resources/mappers/arisuinfo/cm/hgyeSmokArvMngMapper.xml,286,arisuinfo.cm.bsis.mapper.HgyeSmokArvMngMapper,update,registAllHgyeSmokMng,NOT_VERIFIED
src/main/resources/mappers/arisuinfo/cm/hgyeSmokArvMngMapper.xml,317,arisuinfo.cm.bsis.mapper.HgyeSmokArvMngMapper,update,registAllHgyeArvMng,NOT_VERIFIED
src/main/resources/mappers/arisuinfo/cm/hgyeSmokArvMngMapper.xml,361,arisuinfo.cm.bsis.mapper.HgyeSmokArvMngMapper,select,searchSmokCdPopupList,NOT_VERIFIED
src/main/resources/mappers/arisuinfo/cm/hgyeSmokArvMngMapper.xml,391,arisuinfo.cm.bsis.mapper.HgyeSmokArvMngMapper,select,searchArvCdPopupList,NOT_VERIFIED
src/main/resources/mappers/arisuinfo/cm/holidayMngMapper.xml,9,arisuinfo.cm.bsis.mapper.HolidayMngMapper,select,searchHldyMng,NOT_VERIFIED
src/main/resources/mappers/arisuinfo/cm/holidayMngMapper.xml,39,arisuinfo.cm.bsis.mapper.HolidayMngMapper,insert,registHldyMng,NOT_VERIFIED
src/main/resources/mappers/arisuinfo/cm/holidayMngMapper.xml,64,arisuinfo.cm.bsis.mapper.HolidayMngMapper,update,modifyHldyMng,NOT_VERIFIED
src/main/resources/mappers/arisuinfo/cm/holidayMngMapper.xml,79,arisuinfo.cm.bsis.mapper.HolidayMngMapper,delete,removeHldyMng,NOT_VERIFIED
src/main/resources/mappers/arisuinfo/cm/holidayMngMapper.xml,89,arisuinfo.cm.bsis.mapper.HolidayMngMapper,select,searchYearMng,NOT_VERIFIED
src/main/resources/mappers/arisuinfo/cm/holidayMngMapper.xml,119,arisuinfo.cm.bsis.mapper.HolidayMngMapper,update,registYearHldyMng,NOT_VERIFIED
src/main/resources/mappers/arisuinfo/cm/hp/hpGuideMngMapper.xml,7,arisuinfo.cm.hp.mapper.HpGuideMngMapper,select,selectHpGuideList,NOT_VERIFIED
src/main/resources/mappers/arisuinfo/cm/hp/hpGuideMngMapper.xml,133,arisuinfo.cm.hp.mapper.HpGuideMngMapper,select,selectHpGuideDetail,NOT_VERIFIED
src/main/resources/mappers/arisuinfo/cm/hp/hpGuideMngMapper.xml,203,arisuinfo.cm.hp.mapper.HpGuideMngMapper,insert,insertHpGuide,NOT_VERIFIED
src/main/resources/mappers/arisuinfo/cm/hp/hpGuideMngMapper.xml,234,arisuinfo.cm.hp.mapper.HpGuideMngMapper,update,updateHpGuide,NOT_VERIFIED
src/main/resources/mappers/arisuinfo/cm/hp/hpGuideMngMapper.xml,286,arisuinfo.cm.hp.mapper.HpGuideMngMapper,update,deleteHpGuide,NOT_VERIFIED
src/main/resources/mappers/arisuinfo/cm/hp/hpGuideMngMapper.xml,297,arisuinfo.cm.hp.mapper.HpGuideMngMapper,select,generateHelpId,NOT_VERIFIED
src/main/resources/mappers/arisuinfo/cm/hp/hpGuideMngMapper.xml,309,arisuinfo.cm.hp.mapper.HpGuideMngMapper,select,selectHpGuideByMenu,NOT_VERIFIED
src/main/resources/mappers/arisuinfo/cm/hp/hpGuideMngMapper.xml,348,arisuinfo.cm.hp.mapper.HpGuideMngMapper,select,selectHpGuideHist,NOT_VERIFIED
src/main/resources/mappers/arisuinfo/cm/hp/hpGuideMngMapper.xml,364,arisuinfo.cm.hp.mapper.HpGuideMngMapper,select,selectHelpUseLogCount,NOT_VERIFIED
src/main/resources/mappers/arisuinfo/cm/hp/hpGuideMngMapper.xml,378,arisuinfo.cm.hp.mapper.HpGuideMngMapper,insert,insertHelpUseLog,NOT_VERIFIED
src/main/resources/mappers/arisuinfo/cm/hp/hpGuideMngMapper.xml,405,arisuinfo.cm.hp.mapper.HpGuideMngMapper,update,updateHelpUseLog,NOT_VERIFIED
src/main/resources/mappers/arisuinfo/cm/hp/hpGuideMngMapper.xml,423,arisuinfo.cm.hp.mapper.HpGuideMngMapper,select,selectHpGuideSummary,NOT_VERIFIED
src/main/resources/mappers/arisuinfo/cm/hp/hpGuideMngMapper.xml,496,arisuinfo.cm.hp.mapper.HpGuideMngMapper,select,selectHpGuideHistoryList,NOT_VERIFIED
src/main/resources/mappers/arisuinfo/cm/hp/hpGuideMngMapper.xml,535,arisuinfo.cm.hp.mapper.HpGuideMngMapper,insert,insertHpGuideHistory,NOT_VERIFIED
src/main/resources/mappers/arisuinfo/cm/hp/hpGuideMngMapper.xml,583,arisuinfo.cm.hp.mapper.HpGuideMngMapper,select,generateChangeSeq,NOT_VERIFIED
src/main/resources/mappers/arisuinfo/cm/hp/hpGuideMngMapper.xml,592,arisuinfo.cm.hp.mapper.HpGuideMngMapper,update,updateHpGuideHistory,NOT_VERIFIED
src/main/resources/mappers/arisuinfo/cm/insttCdMngMapper.xml,6,arisuinfo.cm.bsis.mapper.InsttCdMngMapper,select,selectInsttCdMng,NOT_VERIFIED
src/main/resources/mappers/arisuinfo/cm/insttCdMngMapper.xml,37,arisuinfo.cm.bsis.mapper.InsttCdMngMapper,update,registInsttCdMng,NOT_VERIFIED
src/main/resources/mappers/arisuinfo/cm/insttCdMngMapper.xml,80,arisuinfo.cm.bsis.mapper.InsttCdMngMapper,update,modifyInsttCdMng,NOT_VERIFIED
src/main/resources/mappers/arisuinfo/cm/insttCdMngMapper.xml,96,arisuinfo.cm.bsis.mapper.InsttCdMngMapper,delete,removeInsttCdMng,NOT_VERIFIED
src/main/resources/mappers/arisuinfo/cm/iseMenuListMapper.xml,9,arisuinfo.cm.main.mapper.IseMenuListMapper,select,searchIseMenuList,NOT_VERIFIED
src/main/resources/mappers/arisuinfo/cm/iseMenuListMapper.xml,83,arisuinfo.cm.main.mapper.IseMenuListMapper,select,selectIseMenu,NOT_VERIFIED
src/main/resources/mappers/arisuinfo/cm/iseMenuListMapper.xml,107,arisuinfo.cm.main.mapper.IseMenuListMapper,delete,deleteIseMenu,NOT_VERIFIED
src/main/resources/mappers/arisuinfo/cm/iseMenuListMapper.xml,120,arisuinfo.cm.main.mapper.IseMenuListMapper,insert,insertIesMenu,NOT_VERIFIED
src/main/resources/mappers/arisuinfo/cm/issueMngMapper.xml,6,arisuinfo.cm.oper.mapper.IssueMngMapper,select,searchSysSeCdList,NOT_VERIFIED
src/main/resources/mappers/arisuinfo/cm/issueMngMapper.xml,17,arisuinfo.cm.oper.mapper.IssueMngMapper,select,searchTaskSeCdList,NOT_VERIFIED
src/main/resources/mappers/arisuinfo/cm/issueMngMapper.xml,33,arisuinfo.cm.oper.mapper.IssueMngMapper,select,searchPgmCdList,NOT_VERIFIED
src/main/resources/mappers/arisuinfo/cm/issueMngMapper.xml,63,arisuinfo.cm.oper.mapper.IssueMngMapper,select,searchAllTaskSeCdList,NOT_VERIFIED
src/main/resources/mappers/arisuinfo/cm/issueMngMapper.xml,80,arisuinfo.cm.oper.mapper.IssueMngMapper,select,searchAllPgmCdList,NOT_VERIFIED
src/main/resources/mappers/arisuinfo/cm/issueMngMapper.xml,109,arisuinfo.cm.oper.mapper.IssueMngMapper,select,searchIssueMngList,NOT_VERIFIED
src/main/resources/mappers/arisuinfo/cm/issueMngMapper.xml,251,arisuinfo.cm.oper.mapper.IssueMngMapper,select,searchMenuInfo,NOT_VERIFIED
src/main/resources/mappers/arisuinfo/cm/issueMngMapper.xml,274,arisuinfo.cm.oper.mapper.IssueMngMapper,insert,insertIssueMng,NOT_VERIFIED
src/main/resources/mappers/arisuinfo/cm/issueMngMapper.xml,320,arisuinfo.cm.oper.mapper.IssueMngMapper,update,updateIssueMng,NOT_VERIFIED
src/main/resources/mappers/arisuinfo/cm/issueMngMapper.xml,344,arisuinfo.cm.oper.mapper.IssueMngMapper,update,deleteIssueMng,NOT_VERIFIED
src/main/resources/mappers/arisuinfo/cm/jobProcHistMapper.xml,5,arisuinfo.cm.myPage.mapper.JobProcHistMapper,sql,searchCondition,NOT_VERIFIED
src/main/resources/mappers/arisuinfo/cm/jobProcHistMapper.xml,29,arisuinfo.cm.myPage.mapper.JobProcHistMapper,select,searchUmsSndngHstList,NOT_VERIFIED
src/main/resources/mappers/arisuinfo/cm/jobProcHistMapper.xml,257,arisuinfo.cm.myPage.mapper.JobProcHistMapper,update,umsSend,NOT_VERIFIED
src/main/resources/mappers/arisuinfo/cm/jobProcHistMapper.xml,311,arisuinfo.cm.myPage.mapper.JobProcHistMapper,update,sndngUMSAtalk,NOT_VERIFIED
src/main/resources/mappers/arisuinfo/cm/jobProcHistMapper.xml,365,arisuinfo.cm.myPage.mapper.JobProcHistMapper,select,searchEmaiilSndngHstList,NOT_VERIFIED
src/main/resources/mappers/arisuinfo/cm/loginMapper.xml,6,arisuinfo.cm.login.mapper.LoginMapper,update,registUsrHistFromUsr,NOT_VERIFIED
src/main/resources/mappers/arisuinfo/cm/loginMapper.xml,50,arisuinfo.cm.login.mapper.LoginMapper,update,updateLastLoginHist,NOT_VERIFIED
src/main/resources/mappers/arisuinfo/cm/loginMapper.xml,64,arisuinfo.cm.login.mapper.LoginMapper,select,searchTempLoginInfo,NOT_VERIFIED
src/main/resources/mappers/arisuinfo/cm/loginMapper.xml,70,arisuinfo.cm.login.mapper.LoginMapper,insert,registLoginHist,NOT_VERIFIED
src/main/resources/mappers/arisuinfo/cm/loginMapper.xml,106,arisuinfo.cm.login.mapper.LoginMapper,select,searchLoginHist,NOT_VERIFIED
src/main/resources/mappers/arisuinfo/cm/loginMapper.xml,131,arisuinfo.cm.login.mapper.LoginMapper,select,searchLoginSessionCheckInfo,NOT_VERIFIED
src/main/resources/mappers/arisuinfo/cm/loginMapper.xml,138,arisuinfo.cm.login.mapper.LoginMapper,update,updateUsrSessionId,NOT_VERIFIED
src/main/resources/mappers/arisuinfo/cm/loginMapper.xml,145,arisuinfo.cm.login.mapper.LoginMapper,update,updateLoginFailCnt,NOT_VERIFIED
src/main/resources/mappers/arisuinfo/cm/loginMapper.xml,152,arisuinfo.cm.login.mapper.LoginMapper,select,searchLoginFailCnt,NOT_VERIFIED
src/main/resources/mappers/arisuinfo/cm/loginMapper.xml,159,arisuinfo.cm.login.mapper.LoginMapper,update,updateResetLoginFailCnt,NOT_VERIFIED
src/main/resources/mappers/arisuinfo/cm/loginMapper.xml,166,arisuinfo.cm.login.mapper.LoginMapper,select,searchTempLoginInfoNexa,NOT_VERIFIED
src/main/resources/mappers/arisuinfo/cm/loginMapper.xml,172,arisuinfo.cm.login.mapper.LoginMapper,select,searchCheckSsoWhiteList,NOT_VERIFIED
src/main/resources/mappers/arisuinfo/cm/loginMapper.xml,185,arisuinfo.cm.login.mapper.LoginMapper,select,searchCheckBonbuList,NOT_VERIFIED
src/main/resources/mappers/arisuinfo/cm/loginMapper.xml,193,arisuinfo.cm.login.mapper.LoginMapper,update,updateTempLoginInfo,NOT_VERIFIED
src/main/resources/mappers/arisuinfo/cm/mainMngMapper.xml,9,arisuinfo.cm.main.mapper.MainMngMapper,insert,registPgmUse,NOT_VERIFIED
src/main/resources/mappers/arisuinfo/cm/mainMngMapper.xml,25,arisuinfo.cm.main.mapper.MainMngMapper,select,searchSsoDept,NOT_VERIFIED
src/main/resources/mappers/arisuinfo/cm/mainMngMapper.xml,40,arisuinfo.cm.main.mapper.MainMngMapper,update,registSsoDept,NOT_VERIFIED
src/main/resources/mappers/arisuinfo/cm/mainMngMapper.xml,68,arisuinfo.cm.main.mapper.MainMngMapper,update,modifySsoDept,NOT_VERIFIED
src/main/resources/mappers/arisuinfo/cm/mainMngMapper.xml,79,arisuinfo.cm.main.mapper.MainMngMapper,select,searchUsr,NOT_VERIFIED
src/main/resources/mappers/arisuinfo/cm/mainMngMapper.xml,122,arisuinfo.cm.main.mapper.MainMngMapper,update,registUsr,NOT_VERIFIED
src/main/resources/mappers/arisuinfo/cm/mainMngMapper.xml,169,arisuinfo.cm.main.mapper.MainMngMapper,update,modifyUsr,NOT_VERIFIED
src/main/resources/mappers/arisuinfo/cm/myPage/usrSchdulMngMapper.xml,6,arisuinfo.cm.myPage.mapper.UsrSchdulMngMapper,select,searchUsrSchdulCal,NOT_VERIFIED
src/main/resources/mappers/arisuinfo/cm/myPage/usrSchdulMngMapper.xml,163,arisuinfo.cm.myPage.mapper.UsrSchdulMngMapper,select,searchUsrSchdulList,NOT_VERIFIED
src/main/resources/mappers/arisuinfo/cm/myPage/usrSchdulMngMapper.xml,188,arisuinfo.cm.myPage.mapper.UsrSchdulMngMapper,select,searchUsrSchdulStatusData,NOT_VERIFIED
src/main/resources/mappers/arisuinfo/cm/myPage/usrSchdulMngMapper.xml,215,arisuinfo.cm.myPage.mapper.UsrSchdulMngMapper,insert,registUsrSchdul,NOT_VERIFIED
src/main/resources/mappers/arisuinfo/cm/myPage/usrSchdulMngMapper.xml,253,arisuinfo.cm.myPage.mapper.UsrSchdulMngMapper,update,updateUsrSchdul,NOT_VERIFIED
src/main/resources/mappers/arisuinfo/cm/myPage/usrSchdulMngMapper.xml,273,arisuinfo.cm.myPage.mapper.UsrSchdulMngMapper,delete,deleteUsrSchdul,NOT_VERIFIED
src/main/resources/mappers/arisuinfo/cm/offceMngMapper.xml,8,arisuinfo.cm.bsis.mapper.OfficeMngMapper,select,searchOffMng,NOT_VERIFIED
src/main/resources/mappers/arisuinfo/cm/offceMngMapper.xml,77,arisuinfo.cm.bsis.mapper.OfficeMngMapper,insert,registOffMng,NOT_VERIFIED
src/main/resources/mappers/arisuinfo/cm/offceMngMapper.xml,125,arisuinfo.cm.bsis.mapper.OfficeMngMapper,update,modifyOffMng,NOT_VERIFIED
src/main/resources/mappers/arisuinfo/cm/offceMngMapper.xml,154,arisuinfo.cm.bsis.mapper.OfficeMngMapper,delete,removeOffMng,NOT_VERIFIED
src/main/resources/mappers/arisuinfo/cm/offceMngMapper.xml,166,arisuinfo.cm.bsis.mapper.OfficeMngMapper,select,searchDeptCd,NOT_VERIFIED
src/main/resources/mappers/arisuinfo/cm/offceMngMapper.xml,210,arisuinfo.cm.bsis.mapper.OfficeMngMapper,select,searchDeptCdSearch,NOT_VERIFIED
src/main/resources/mappers/arisuinfo/cm/offceMngMapper.xml,233,arisuinfo.cm.bsis.mapper.OfficeMngMapper,select,searchDeptDupl,NOT_VERIFIED
src/main/resources/mappers/arisuinfo/cm/offceMngMapper.xml,246,arisuinfo.cm.bsis.mapper.OfficeMngMapper,insert,registDeptCd,NOT_VERIFIED
src/main/resources/mappers/arisuinfo/cm/offceMngMapper.xml,278,arisuinfo.cm.bsis.mapper.OfficeMngMapper,update,modifyDeptCd,NOT_VERIFIED
src/main/resources/mappers/arisuinfo/cm/offceMngMapper.xml,303,arisuinfo.cm.bsis.mapper.OfficeMngMapper,delete,removeDeptCd,NOT_VERIFIED
src/main/resources/mappers/arisuinfo/cm/offceMngMapper.xml,314,arisuinfo.cm.bsis.mapper.OfficeMngMapper,select,searchCityCd,NOT_VERIFIED
src/main/resources/mappers/arisuinfo/cm/offceMngMapper.xml,330,arisuinfo.cm.bsis.mapper.OfficeMngMapper,select,searchGuCd,NOT_VERIFIED
src/main/resources/mappers/arisuinfo/cm/offceMngMapper.xml,371,arisuinfo.cm.bsis.mapper.OfficeMngMapper,select,searchGuCdSearch,NOT_VERIFIED
src/main/resources/mappers/arisuinfo/cm/offceMngMapper.xml,412,arisuinfo.cm.bsis.mapper.OfficeMngMapper,select,searchDongCd,NOT_VERIFIED
src/main/resources/mappers/arisuinfo/cm/offceMngMapper.xml,453,arisuinfo.cm.bsis.mapper.OfficeMngMapper,select,searchDongCdSearch,NOT_VERIFIED
src/main/resources/mappers/arisuinfo/cm/offceMngMapper.xml,496,arisuinfo.cm.bsis.mapper.OfficeMngMapper,select,searchDongCdHanamSearch,NOT_VERIFIED
src/main/resources/mappers/arisuinfo/cm/offceMngMapper.xml,538,arisuinfo.cm.bsis.mapper.OfficeMngMapper,select,searchGuDongCdExcel,NOT_VERIFIED
src/main/resources/mappers/arisuinfo/cm/offceMngMapper.xml,590,arisuinfo.cm.bsis.mapper.OfficeMngMapper,update,modifyDongCd,NOT_VERIFIED
src/main/resources/mappers/arisuinfo/cm/offceMngMapper.xml,603,arisuinfo.cm.bsis.mapper.OfficeMngMapper,update,modifyGuCd,NOT_VERIFIED
src/main/resources/mappers/arisuinfo/cm/offceMngMapper.xml,624,arisuinfo.cm.bsis.mapper.OfficeMngMapper,select,searchTel,NOT_VERIFIED
src/main/resources/mappers/arisuinfo/cm/offceMngMapper.xml,659,arisuinfo.cm.bsis.mapper.OfficeMngMapper,insert,registTel,NOT_VERIFIED
src/main/resources/mappers/arisuinfo/cm/offceMngMapper.xml,692,arisuinfo.cm.bsis.mapper.OfficeMngMapper,update,modifyTel,NOT_VERIFIED
src/main/resources/mappers/arisuinfo/cm/offceMngMapper.xml,712,arisuinfo.cm.bsis.mapper.OfficeMngMapper,delete,removeTel,NOT_VERIFIED
src/main/resources/mappers/arisuinfo/cm/officeListMapper.xml,6,arisuinfo.cm.main.mapper.OfficeListMapper,select,searchOffList,NOT_VERIFIED
src/main/resources/mappers/arisuinfo/cm/printCnMngMapper.xml,9,arisuinfo.cm.bsis.mapper.PrintCnMngMapper,select,searchPrintCnListMng,NOT_VERIFIED
src/main/resources/mappers/arisuinfo/cm/printCnMngMapper.xml,55,arisuinfo.cm.bsis.mapper.PrintCnMngMapper,insert,registPrintCnMng,NOT_VERIFIED
src/main/resources/mappers/arisuinfo/cm/printCnMngMapper.xml,85,arisuinfo.cm.bsis.mapper.PrintCnMngMapper,update,modifyPrintCnMng,NOT_VERIFIED
src/main/resources/mappers/arisuinfo/cm/printCnMngMapper.xml,104,arisuinfo.cm.bsis.mapper.PrintCnMngMapper,delete,removePrintCnMng,NOT_VERIFIED
src/main/resources/mappers/arisuinfo/cm/printCnMngMapper.xml,118,arisuinfo.cm.bsis.mapper.PrintCnMngMapper,delete,removePrintCnDeatilMng,NOT_VERIFIED
src/main/resources/mappers/arisuinfo/cm/printCnMngMapper.xml,133,arisuinfo.cm.bsis.mapper.PrintCnMngMapper,select,searchPrintCnDeatilMng,NOT_VERIFIED
src/main/resources/mappers/arisuinfo/cm/printCnMngMapper.xml,168,arisuinfo.cm.bsis.mapper.PrintCnMngMapper,select,searchCm040List,NOT_VERIFIED
src/main/resources/mappers/arisuinfo/cm/prmtMngMapper.xml,13,arisuinfo.cm.bsis.mapper.PrmtMngMapper,select,searchPrmtMng,NOT_VERIFIED
src/main/resources/mappers/arisuinfo/cm/prmtMngMapper.xml,49,arisuinfo.cm.bsis.mapper.PrmtMngMapper,insert,registPrmtMng,NOT_VERIFIED
src/main/resources/mappers/arisuinfo/cm/prmtMngMapper.xml,82,arisuinfo.cm.bsis.mapper.PrmtMngMapper,update,modifyPrmtMng,NOT_VERIFIED
src/main/resources/mappers/arisuinfo/cm/prmtMngMapper.xml,112,arisuinfo.cm.bsis.mapper.PrmtMngMapper,update,modifyPrmtEndDay,NOT_VERIFIED
src/main/resources/mappers/arisuinfo/cm/prmtMngMapper.xml,135,arisuinfo.cm.bsis.mapper.PrmtMngMapper,delete,removePrmtMng,NOT_VERIFIED
src/main/resources/mappers/arisuinfo/cm/procSchdulMapper.xml,4,arisuinfo.cm.oper.mapper.ProcSchdulMngMapper,select,searchProcSchdulMng,NOT_VERIFIED
src/main/resources/mappers/arisuinfo/cm/procSchdulMapper.xml,328,arisuinfo.cm.oper.mapper.ProcSchdulMngMapper,select,searchOperMonth,NOT_VERIFIED
src/main/resources/mappers/arisuinfo/cm/procSchdulMapper.xml,335,arisuinfo.cm.oper.mapper.ProcSchdulMngMapper,select,getSysDate,NOT_VERIFIED
src/main/resources/mappers/arisuinfo/cm/procSchdulMapper.xml,343,arisuinfo.cm.oper.mapper.ProcSchdulMngMapper,select,searchProcSchdulDetailList,NOT_VERIFIED
src/main/resources/mappers/arisuinfo/cm/procSchdulMapper.xml,546,arisuinfo.cm.oper.mapper.ProcSchdulMngMapper,select,searchProcPop,NOT_VERIFIED
src/main/resources/mappers/arisuinfo/cm/procSchdulMapper.xml,574,arisuinfo.cm.oper.mapper.ProcSchdulMngMapper,insert,insertProcSchdul,NOT_VERIFIED
src/main/resources/mappers/arisuinfo/cm/procSchdulMapper.xml,596,arisuinfo.cm.oper.mapper.ProcSchdulMngMapper,insert,insertOperSchdul,NOT_VERIFIED
src/main/resources/mappers/arisuinfo/cm/procSchdulMapper.xml,611,arisuinfo.cm.oper.mapper.ProcSchdulMngMapper,update,updateProcSchdul,NOT_VERIFIED
src/main/resources/mappers/arisuinfo/cm/procSchdulMapper.xml,623,arisuinfo.cm.oper.mapper.ProcSchdulMngMapper,delete,deleteProcSchdul,NOT_VERIFIED
src/main/resources/mappers/arisuinfo/cm/procSchdulMapper.xml,629,arisuinfo.cm.oper.mapper.ProcSchdulMngMapper,delete,deleteOperSchdul,NOT_VERIFIED
src/main/resources/mappers/arisuinfo/cm/procSchdulMapper.xml,635,arisuinfo.cm.oper.mapper.ProcSchdulMngMapper,select,searchNoticeJobSchdulList,NOT_VERIFIED
src/main/resources/mappers/arisuinfo/cm/taskMngMapper.xml,9,arisuinfo.cm.oper.mapper.TaskMngMapper,select,searchTaskMngList,NOT_VERIFIED
src/main/resources/mappers/arisuinfo/cm/taskMngMapper.xml,149,arisuinfo.cm.oper.mapper.TaskMngMapper,insert,registTaskMng,NOT_VERIFIED
src/main/resources/mappers/arisuinfo/cm/taskMngMapper.xml,236,arisuinfo.cm.oper.mapper.TaskMngMapper,update,modifyTaskMng,NOT_VERIFIED
src/main/resources/mappers/arisuinfo/cm/taskMngMapper.xml,272,arisuinfo.cm.oper.mapper.TaskMngMapper,delete,removeTaskMng,NOT_VERIFIED
src/main/resources/mappers/arisuinfo/cm/umsSndngHstMapper.xml,9,arisuinfo.cm.oper.mapper.UmsSndngHstMapper,select,searchUmsSndngHstList,NOT_VERIFIED
src/main/resources/mappers/arisuinfo/cm/umsSndngMapper.xml,5,arisuinfo.cm.cntc.mapper.UmsSndngMapper,insert,umsSend,NOT_VERIFIED
src/main/resources/mappers/arisuinfo/cm/umsSndngMapper.xml,82,arisuinfo.cm.cntc.mapper.UmsSndngMapper,insert,registUmsSndng,NOT_VERIFIED
src/main/resources/mappers/arisuinfo/cm/umsSndngMapper.xml,167,arisuinfo.cm.cntc.mapper.UmsSndngMapper,insert,umsSendImg,NOT_VERIFIED
src/main/resources/mappers/arisuinfo/cm/umsSndngMapper.xml,211,arisuinfo.cm.cntc.mapper.UmsSndngMapper,insert,umsSendAtalk,NOT_VERIFIED
src/main/resources/mappers/arisuinfo/cm/umsSndngMapper.xml,260,arisuinfo.cm.cntc.mapper.UmsSndngMapper,insert,registUmsSndngAtalk,NOT_VERIFIED
src/main/resources/mappers/arisuinfo/cm/umsSndngMapper.xml,355,arisuinfo.cm.cntc.mapper.UmsSndngMapper,select,searchUmsOfficeLmt,NOT_VERIFIED
src/main/resources/mappers/arisuinfo/cm/umsSndngMapper.xml,369,arisuinfo.cm.cntc.mapper.UmsSndngMapper,select,countOfficeMmsSndngHstDay,NOT_VERIFIED
src/main/resources/mappers/arisuinfo/cm/umsSndngMapper.xml,381,arisuinfo.cm.cntc.mapper.UmsSndngMapper,select,countOfficeMmsSndngHstMonth,NOT_VERIFIED
src/main/resources/mappers/arisuinfo/cm/umsSndngMapper.xml,393,arisuinfo.cm.cntc.mapper.UmsSndngMapper,insert,insertOfficeMmsSndngHst,NOT_VERIFIED
src/main/resources/mappers/arisuinfo/cm/usr/jobChrgerMngMapper.xml,5,arisuinfo.cm.usr.mapper.JobChrgerMngMapper,select,searchJobChrger,NOT_VERIFIED
src/main/resources/mappers/arisuinfo/cm/usr/jobChrgerMngMapper.xml,63,arisuinfo.cm.usr.mapper.JobChrgerMngMapper,insert,registJobChrger,NOT_VERIFIED
src/main/resources/mappers/arisuinfo/cm/usr/jobChrgerMngMapper.xml,96,arisuinfo.cm.usr.mapper.JobChrgerMngMapper,update,modifyJobChrger,NOT_VERIFIED
src/main/resources/mappers/arisuinfo/cm/usr/jobChrgerMngMapper.xml,113,arisuinfo.cm.usr.mapper.JobChrgerMngMapper,delete,removeJobChrger,NOT_VERIFIED
src/main/resources/mappers/arisuinfo/cm/usr/jobChrgerMngMapper.xml,121,arisuinfo.cm.usr.mapper.JobChrgerMngMapper,update,modifyJobChrgerUseFlag,NOT_VERIFIED
src/main/resources/mappers/arisuinfo/cm/usr/jobChrgerMngMapper.xml,131,arisuinfo.cm.usr.mapper.JobChrgerMngMapper,select,searchJobChrgerByDong,NOT_VERIFIED
src/main/resources/mappers/arisuinfo/cm/usr/jobChrgerMngMapper.xml,190,arisuinfo.cm.usr.mapper.JobChrgerMngMapper,select,searchStopJob,NOT_VERIFIED
src/main/resources/mappers/arisuinfo/cm/usr/jobChrgerMngMapper.xml,206,arisuinfo.cm.usr.mapper.JobChrgerMngMapper,update,modifyStopJob,NOT_VERIFIED
src/main/resources/mappers/arisuinfo/cm/usr/jobChrgerMngMapper.xml,217,arisuinfo.cm.usr.mapper.JobChrgerMngMapper,select,searchStopJobUtil,NOT_VERIFIED
src/main/resources/mappers/arisuinfo/cm/usr/myInfoMapper.xml,6,arisuinfo.cm.usr.mapper.MyInfoMapper,insert,registMyInfoReg,NOT_VERIFIED
src/main/resources/mappers/arisuinfo/cm/usr/myInfoMapper.xml,49,arisuinfo.cm.usr.mapper.MyInfoMapper,update,registMyInfoRegHis,NOT_VERIFIED
src/main/resources/mappers/arisuinfo/cm/usr/myInfoMapper.xml,102,arisuinfo.cm.usr.mapper.MyInfoMapper,update,registMyInfoRegHisUpdate,NOT_VERIFIED
src/main/resources/mappers/arisuinfo/cm/usr/myInfoMapper.xml,152,arisuinfo.cm.usr.mapper.MyInfoMapper,update,registOtherInfoRegHisUpdate,NOT_VERIFIED
src/main/resources/mappers/arisuinfo/cm/usr/myInfoMapper.xml,205,arisuinfo.cm.usr.mapper.MyInfoMapper,update,modifyMyInfoReg,NOT_VERIFIED
src/main/resources/mappers/arisuinfo/cm/usr/myInfoMapper.xml,235,arisuinfo.cm.usr.mapper.MyInfoMapper,insert,insertAuthMndt,NOT_VERIFIED
src/main/resources/mappers/arisuinfo/cm/usr/myInfoMapper.xml,272,arisuinfo.cm.usr.mapper.MyInfoMapper,delete,deleteAuthMndt,NOT_VERIFIED
src/main/resources/mappers/arisuinfo/cm/usr/myInfoMapper.xml,285,arisuinfo.cm.usr.mapper.MyInfoMapper,select,selectAuthMndt,NOT_VERIFIED
src/main/resources/mappers/arisuinfo/cm/usr/myInfoMapper.xml,333,arisuinfo.cm.usr.mapper.MyInfoMapper,select,selectDelegateUsrAuthList,NOT_VERIFIED
src/main/resources/mappers/arisuinfo/cm/usr/myInfoMapper.xml,387,arisuinfo.cm.usr.mapper.MyInfoMapper,select,selectMyInfo,NOT_VERIFIED
src/main/resources/mappers/arisuinfo/cm/usr/myInfoMapper.xml,420,arisuinfo.cm.usr.mapper.MyInfoMapper,update,registMyInfoUdtHis,NOT_VERIFIED
src/main/resources/mappers/arisuinfo/cm/usr/myInfoMapper.xml,467,arisuinfo.cm.usr.mapper.MyInfoMapper,update,modifyMyInfoUdt,NOT_VERIFIED
src/main/resources/mappers/arisuinfo/cm/usr/usrJobMapper.xml,9,arisuinfo.cm.usr.mapper.UsrJobMngMapper,select,selectUsrJobList,NOT_VERIFIED
src/main/resources/mappers/arisuinfo/cm/usr/usrJobMapper.xml,34,arisuinfo.cm.usr.mapper.UsrJobMngMapper,insert,insertUsrJob,NOT_VERIFIED
src/main/resources/mappers/arisuinfo/cm/usr/usrJobMapper.xml,59,arisuinfo.cm.usr.mapper.UsrJobMngMapper,delete,deleteAllUsrJob,NOT_VERIFIED
src/main/resources/mappers/arisuinfo/cm/usr/usrMngMapper.xml,9,arisuinfo.cm.usr.mapper.UsrMngMapper,select,searchUsr,NOT_VERIFIED
src/main/resources/mappers/arisuinfo/cm/usr/usrMngMapper.xml,83,arisuinfo.cm.usr.mapper.UsrMngMapper,select,selectAuthComboList,NOT_VERIFIED
src/main/resources/mappers/arisuinfo/cm/usr/usrMngMapper.xml,104,arisuinfo.cm.usr.mapper.UsrMngMapper,select,searchUsrList,NOT_VERIFIED
src/main/resources/mappers/arisuinfo/cm/usr/usrMngMapper.xml,211,arisuinfo.cm.usr.mapper.UsrMngMapper,update,saveUsr,NOT_VERIFIED
src/main/resources/mappers/arisuinfo/cm/usr/usrMngMapper.xml,232,arisuinfo.cm.usr.mapper.UsrMngMapper,select,selectUsrIdByUsrNm,NOT_VERIFIED
src/main/resources/mappers/arisuinfo/cm/usr/usrMngMapper.xml,243,arisuinfo.cm.usr.mapper.UsrMngMapper,insert,registSstvInfo,NOT_VERIFIED
src/main/resources/mappers/arisuinfo/cm/usr/usrMntrngMapper.xml,6,arisuinfo.cm.usr.mapper.UsrMntrngMapper,select,searchSstvInfoList,NOT_VERIFIED
src/main/resources/mappers/arisuinfo/cm/usr/usrMntrngMapper.xml,92,arisuinfo.cm.usr.mapper.UsrMntrngMapper,insert,saveSstvQualfInfoHist,NOT_VERIFIED
src/main/resources/mappers/arisuinfo/cm/usr/usrMntrngMapper.xml,125,arisuinfo.cm.usr.mapper.UsrMntrngMapper,select,searchSstvQualfInfoList,NOT_VERIFIED
src/main/resources/mappers/arisuinfo/cm/usr/usrMntrngMapper.xml,226,arisuinfo.cm.usr.mapper.UsrMntrngMapper,select,selectUsrPerMenuList,NOT_VERIFIED
src/main/resources/mappers/arisuinfo/cm/usr/usrRgnMapper.xml,9,arisuinfo.cm.usr.mapper.UsrRgnMapper,select,selectUsrRgnByUsrIdStndBdongCd,NOT_VERIFIED
src/main/resources/mappers/arisuinfo/cm/usr/usrRgnMapper.xml,30,arisuinfo.cm.usr.mapper.UsrRgnMapper,insert,insertUsrRgn,NOT_VERIFIED
src/main/resources/mappers/arisuinfo/cm/usr/usrRgnMapper.xml,54,arisuinfo.cm.usr.mapper.UsrRgnMapper,delete,deleteUsrRgn,NOT_VERIFIED
src/main/resources/mappers/arisuinfo/cm/usr/usrRgnMapper.xml,67,arisuinfo.cm.usr.mapper.UsrRgnMapper,select,selectAreaList,NOT_VERIFIED
src/main/resources/mappers/arisuinfo/cm/usr/usrRgnMapper.xml,95,arisuinfo.cm.usr.mapper.UsrRgnMapper,select,selectAreaPopupList,NOT_VERIFIED
src/main/resources/mappers/arisuinfo/cm/usr/usrRgnMapper.xml,142,arisuinfo.cm.usr.mapper.UsrRgnMapper,select,selectUsrAreaSummaryList,NOT_VERIFIED
src/main/resources/mappers/arisuinfo/cm/usr/usrRgnMapper.xml,177,arisuinfo.cm.usr.mapper.UsrRgnMapper,select,selectBdongListByOfficeCd,NOT_VERIFIED
src/main/resources/mappers/arisuinfo/cm/usr/usrRgnMapper.xml,209,arisuinfo.cm.usr.mapper.UsrRgnMapper,select,selectAreaCdListByOfficeCd,NOT_VERIFIED
src/main/resources/mappers/arisuinfo/cm/usr/usrRgnMapper.xml,241,arisuinfo.cm.usr.mapper.UsrRgnMapper,select,selectAreaListByUsrId,NOT_VERIFIED
src/main/resources/mappers/arisuinfo/cm/workDayMngMapper.xml,6,arisuinfo.cm.bsis.mapper.WorkDayMngMapper,select,searchDefaultDate,NOT_VERIFIED
src/main/resources/mappers/arisuinfo/cm/workDayMngMapper.xml,85,arisuinfo.cm.bsis.mapper.WorkDayMngMapper,select,searchWorkDayMng,NOT_VERIFIED
src/main/resources/mappers/arisuinfo/cm/workDayMngMapper.xml,146,arisuinfo.cm.bsis.mapper.WorkDayMngMapper,update,registWorkDayMng,NOT_VERIFIED
src/main/resources/mappers/arisuinfo/cm/workDayMngMapper.xml,246,arisuinfo.cm.bsis.mapper.WorkDayMngMapper,update,modifyWorkDayMng,NOT_VERIFIED
src/main/resources/mappers/arisuinfo/cm/workDayMngMapper.xml,301,arisuinfo.cm.bsis.mapper.WorkDayMngMapper,delete,removeWorkDayMng,NOT_VERIFIED
src/main/resources/mappers/arisuinfo/cm/workDayMngMapper.xml,310,arisuinfo.cm.bsis.mapper.WorkDayMngMapper,select,searchYearList,NOT_VERIFIED
src/main/resources/mappers/arisuinfo/cm/workDayMngMapper.xml,329,arisuinfo.cm.bsis.mapper.WorkDayMngMapper,update,modifyWorkDayBbs,NOT_VERIFIED
src/main/resources/mappers/arisuinfo/cm/workDayMngMapper.xml,339,arisuinfo.cm.bsis.mapper.WorkDayMngMapper,select,selectWorkDetailInfo,NOT_VERIFIED
src/main/resources/mappers/arisuinfo/cm/workDayMngMapper.xml,357,arisuinfo.cm.bsis.mapper.WorkDayMngMapper,select,searchWorkDayResvInfo,NOT_VERIFIED
src/main/resources/mappers/arisuinfo/cm/workDayMngMapper.xml,390,arisuinfo.cm.bsis.mapper.WorkDayMngMapper,delete,removeWorkDayResvInfo,NOT_VERIFIED
src/main/resources/mappers/arisuinfo/cm/workDayMngMapper.xml,399,arisuinfo.cm.bsis.mapper.WorkDayMngMapper,update,registWorkDayResvInfo,NOT_VERIFIED
src/main/resources/mappers/arisuinfo/cm/workDayMngMapper.xml,464,arisuinfo.cm.bsis.mapper.WorkDayMngMapper,update,modifyWorkDayResvInfo,NOT_VERIFIED
src/main/resources/mappers/arisuinfo/cm/workDayMngMapper.xml,498,arisuinfo.cm.bsis.mapper.WorkDayMngMapper,select,searchWorkDayResvInfoBatch,NOT_VERIFIED
src/main/resources/mappers/arisuinfo/com/batchMapper.xml,6,arisuinfo.com.batch.mapper.BatchMapper,sql,pgmServiceId,NOT_VERIFIED
src/main/resources/mappers/arisuinfo/com/batchMapper.xml,13,arisuinfo.com.batch.mapper.BatchMapper,sql,pgmMethodName,NOT_VERIFIED
src/main/resources/mappers/arisuinfo/com/batchMapper.xml,21,arisuinfo.com.batch.mapper.BatchMapper,select,searchBatchMngList,NOT_VERIFIED
src/main/resources/mappers/arisuinfo/com/batchMapper.xml,99,arisuinfo.com.batch.mapper.BatchMapper,select,searchBatchList,NOT_VERIFIED
src/main/resources/mappers/arisuinfo/com/batchMapper.xml,131,arisuinfo.com.batch.mapper.BatchMapper,select,searchBatchListRenewalByY,NOT_VERIFIED
src/main/resources/mappers/arisuinfo/com/batchMapper.xml,166,arisuinfo.com.batch.mapper.BatchMapper,select,searchBatchListForScheduling,NOT_VERIFIED
src/main/resources/mappers/arisuinfo/com/batchMapper.xml,185,arisuinfo.com.batch.mapper.BatchMapper,select,selectBatchForScheduling,NOT_VERIFIED
src/main/resources/mappers/arisuinfo/com/batchMapper.xml,205,arisuinfo.com.batch.mapper.BatchMapper,select,searchHolidayList,NOT_VERIFIED
src/main/resources/mappers/arisuinfo/com/batchMapper.xml,214,arisuinfo.com.batch.mapper.BatchMapper,select,searchBatchDayList,NOT_VERIFIED
src/main/resources/mappers/arisuinfo/com/batchMapper.xml,257,arisuinfo.com.batch.mapper.BatchMapper,select,searchBatchDayInfo,NOT_VERIFIED
src/main/resources/mappers/arisuinfo/com/batchMapper.xml,291,arisuinfo.com.batch.mapper.BatchMapper,select,selectSingleBatch,NOT_VERIFIED
src/main/resources/mappers/arisuinfo/com/batchMapper.xml,322,arisuinfo.com.batch.mapper.BatchMapper,update,insertBatch,NOT_VERIFIED
src/main/resources/mappers/arisuinfo/com/batchMapper.xml,371,arisuinfo.com.batch.mapper.BatchMapper,update,insertBatchMng,NOT_VERIFIED
src/main/resources/mappers/arisuinfo/com/batchMapper.xml,410,arisuinfo.com.batch.mapper.BatchMapper,select,searchBatchKey,NOT_VERIFIED
src/main/resources/mappers/arisuinfo/com/batchMapper.xml,417,arisuinfo.com.batch.mapper.BatchMapper,update,updateBatch,NOT_VERIFIED
src/main/resources/mappers/arisuinfo/com/batchMapper.xml,455,arisuinfo.com.batch.mapper.BatchMapper,update,updateRenewalBatchAsN,NOT_VERIFIED
src/main/resources/mappers/arisuinfo/com/batchMapper.xml,461,arisuinfo.com.batch.mapper.BatchMapper,update,updateBatchAsD,NOT_VERIFIED
src/main/resources/mappers/arisuinfo/com/batchMapper.xml,468,arisuinfo.com.batch.mapper.BatchMapper,delete,deleteBatch,NOT_VERIFIED
src/main/resources/mappers/arisuinfo/com/batchMapper.xml,473,arisuinfo.com.batch.mapper.BatchMapper,update,insertBatchProcHist,NOT_VERIFIED
src/main/resources/mappers/arisuinfo/com/batchMapper.xml,547,arisuinfo.com.batch.mapper.BatchMapper,select,selectBatchProcHist,NOT_VERIFIED
src/main/resources/mappers/arisuinfo/com/batchMapper.xml,601,arisuinfo.com.batch.mapper.BatchMapper,update,updateBatchProcHist,NOT_VERIFIED
src/main/resources/mappers/arisuinfo/com/batchMapper.xml,611,arisuinfo.com.batch.mapper.BatchMapper,select,searchBatchHistList,NOT_VERIFIED
src/main/resources/mappers/arisuinfo/com/batchMapper.xml,686,arisuinfo.com.batch.mapper.BatchMapper,update,batchSpRegisterIdno,NOT_VERIFIED
src/main/resources/mappers/arisuinfo/com/eltSancMapper.xml,24,arisuinfo.com.eltSanctn.mapper.EltSanctnMapper,select,searchDferInfo,NOT_VERIFIED
src/main/resources/mappers/arisuinfo/com/eltSancMapper.xml,61,arisuinfo.com.eltSanctn.mapper.EltSanctnMapper,select,searchEsntlNoInfo,NOT_VERIFIED
src/main/resources/mappers/arisuinfo/com/eltSancMapper.xml,75,arisuinfo.com.eltSanctn.mapper.EltSanctnMapper,update,registEltSanctn,NOT_VERIFIED
src/main/resources/mappers/arisuinfo/com/eltSancMapper.xml,111,arisuinfo.com.eltSanctn.mapper.EltSanctnMapper,update,modifyEltSanctn,NOT_VERIFIED
src/main/resources/mappers/arisuinfo/com/eltSancMapper.xml,145,arisuinfo.com.eltSanctn.mapper.EltSanctnMapper,delete,removeEltSanctn,NOT_VERIFIED
src/main/resources/mappers/arisuinfo/com/eltSancMapper.xml,153,arisuinfo.com.eltSanctn.mapper.EltSanctnMapper,update,modifyEltSanctnDocnum,NOT_VERIFIED
src/main/resources/mappers/arisuinfo/com/eltSancMapper.xml,161,arisuinfo.com.eltSanctn.mapper.EltSanctnMapper,select,searchMethodId,NOT_VERIFIED
src/main/resources/mappers/arisuinfo/com/eltSancMapper.xml,184,arisuinfo.com.eltSanctn.mapper.EltSanctnMapper,update,registEltSanctnHst,NOT_VERIFIED
src/main/resources/mappers/arisuinfo/com/eltSancMapper.xml,212,arisuinfo.com.eltSanctn.mapper.EltSanctnMapper,update,modifyEltSanctnHst,NOT_VERIFIED
src/main/resources/mappers/arisuinfo/com/eltSancMapper.xml,224,arisuinfo.com.eltSanctn.mapper.EltSanctnMapper,select,searchReDoEltSanc,NOT_VERIFIED
src/main/resources/mappers/arisuinfo/com/fileUploadMapper.xml,7,arisuinfo.com.fileUpload.mapper.FileUploadMapper,select,searchFileUploadList,NOT_VERIFIED
src/main/resources/mappers/arisuinfo/com/fileUploadMapper.xml,57,arisuinfo.com.fileUpload.mapper.FileUploadMapper,select,searchFileDownloadInfo,NOT_VERIFIED
src/main/resources/mappers/arisuinfo/com/fileUploadMapper.xml,85,arisuinfo.com.fileUpload.mapper.FileUploadMapper,update,updateFileDownloadCount,NOT_VERIFIED
src/main/resources/mappers/arisuinfo/com/fileUploadMapper.xml,96,arisuinfo.com.fileUpload.mapper.FileUploadMapper,update,deleteFile,NOT_VERIFIED
src/main/resources/mappers/arisuinfo/com/fileUploadMapper.xml,108,arisuinfo.com.fileUpload.mapper.FileUploadMapper,update,deleteFileTable,NOT_VERIFIED
src/main/resources/mappers/arisuinfo/com/fileUploadMapper.xml,117,arisuinfo.com.fileUpload.mapper.FileUploadMapper,insert,insertFileUpload,NOT_VERIFIED
src/main/resources/mappers/arisuinfo/com/fileUploadMapper.xml,153,arisuinfo.com.fileUpload.mapper.FileUploadMapper,update,updateJobKey,NOT_VERIFIED
src/main/resources/mappers/arisuinfo/com/fileUploadMapper.xml,162,arisuinfo.com.fileUpload.mapper.FileUploadMapper,update,updateRemoveJobKey,NOT_VERIFIED
src/main/resources/mappers/arisuinfo/com/fileUploadMapper.xml,170,arisuinfo.com.fileUpload.mapper.FileUploadMapper,update,updateJobKeyByJobKey,NOT_VERIFIED
src/main/resources/mappers/arisuinfo/com/fileUploadMapper.xml,178,arisuinfo.com.fileUpload.mapper.FileUploadMapper,delete,deleteUnused,NOT_VERIFIED
src/main/resources/mappers/arisuinfo/com/fileUploadMapper.xml,191,arisuinfo.com.fileUpload.mapper.FileUploadMapper,select,searchFileUploadHistory,NOT_VERIFIED
src/main/resources/mappers/arisuinfo/com/miomMtrMapper.xml,7,arisuinfo.com.miomMtr.mapper.MiomMtrMapper,select,searchDetailNm,NOT_VERIFIED
src/main/resources/mappers/arisuinfo/com/miomMtrMapper.xml,14,arisuinfo.com.miomMtr.mapper.MiomMtrMapper,select,searchDetailVal,NOT_VERIFIED
src/main/resources/mappers/arisuinfo/com/miomMtrMapper.xml,21,arisuinfo.com.miomMtr.mapper.MiomMtrMapper,select,searchCbCd,NOT_VERIFIED
src/main/resources/mappers/arisuinfo/com/miomMtrMapper.xml,35,arisuinfo.com.miomMtr.mapper.MiomMtrMapper,select,searchDetailCd,NOT_VERIFIED
src/main/resources/mappers/arisuinfo/com/miomMtrMapper.xml,45,arisuinfo.com.miomMtr.mapper.MiomMtrMapper,select,searchExchngResRsnCd,NOT_VERIFIED
src/main/resources/mappers/arisuinfo/com/miomMtrMapper.xml,56,arisuinfo.com.miomMtr.mapper.MiomMtrMapper,select,searchMtrVesslNo,NOT_VERIFIED
src/main/resources/mappers/arisuinfo/com/miomMtrMapper.xml,65,arisuinfo.com.miomMtr.mapper.MiomMtrMapper,select,searchInstlDay,NOT_VERIFIED
src/main/resources/mappers/arisuinfo/com/miomMtrMapper.xml,74,arisuinfo.com.miomMtr.mapper.MiomMtrMapper,select,searchPreSealInstlDay,NOT_VERIFIED
src/main/resources/mappers/arisuinfo/com/miomMtrMapper.xml,83,arisuinfo.com.miomMtr.mapper.MiomMtrMapper,select,searchRearSealInstlDay,NOT_VERIFIED
src/main/resources/mappers/arisuinfo/com/miomMtrMapper.xml,92,arisuinfo.com.miomMtr.mapper.MiomMtrMapper,select,searchRemvlDay,NOT_VERIFIED
src/main/resources/mappers/arisuinfo/com/miomMtrMapper.xml,101,arisuinfo.com.miomMtr.mapper.MiomMtrMapper,select,searchMtrSealNo,NOT_VERIFIED
src/main/resources/mappers/arisuinfo/com/miomMtrMapper.xml,112,arisuinfo.com.miomMtr.mapper.MiomMtrMapper,select,searchRemvlMtrInfo,NOT_VERIFIED
src/main/resources/mappers/arisuinfo/com/miomMtrMapper.xml,143,arisuinfo.com.miomMtr.mapper.MiomMtrMapper,select,searchExchngRsn,NOT_VERIFIED
src/main/resources/mappers/arisuinfo/com/miomMtrMapper.xml,170,arisuinfo.com.miomMtr.mapper.MiomMtrMapper,select,searchCode,NOT_VERIFIED
